Date,Date de valeur,Description,Category,Débit,Crédit,Solde,Source
31/01/2023,01/02/2023,TVA 1079646.FRAIS.TENUE.COMPTE.MGA10 000.20230131,Frais bancaires,2000.0,,2000.0,MCB Internet Banking Document (25).csv
31/01/2023,01/02/2023,Frais Tenue de compte 1079646.FRAIS.TENUE.COMPTE.MGA10 000.20230131,Frais bancaires,10000.0,,12000.0,MCB Internet Banking Document (25).csv
07/02/2023,07/02/2023,Virement recus Banque Confrere GEEKWORKERS SARL FT23038HM1YW\BNK   Prestation Fev 23 - GW,Autre revenu,,7517796.0,7505796.0,MCB Internet Banking Document (26).csv
08/02/2023,08/02/2023,DB vente carte etrangere  813020 FT23039346LK\BNK  SPOTIFY AB,Paiement carte,13191.95,,7492604.05,MCB Internet Banking Document (26).csv
08/02/2023,08/02/2023,DB vente carte etrangere  858470 FT23039P6DTK\BNK  PAYPAL,Paiement carte,4412.03,,7488192.02,MCB Internet Banking Document (26).csv
08/02/2023,08/02/2023,DB vente carte etrangere  REV FT23039BN33Z\BNK   858550 PAYPAL,Paiement carte,4412.03,,7492604.05,MCB Internet Banking Document (26).csv
08/02/2023,08/02/2023,DB vente carte etrangere  858950 FT23039M8WBJ\BNK  PAYPAL ZAKHAMOUCHI ZAK,Paiement carte,108637.2,,7383966.85,MCB Internet Banking Document (26).csv
08/02/2023,08/02/2023,Retrait sur GAB MCB  357470 FT23039J1CDW\BNK  MCB MADA ZOOM,Retrait,500000.0,,6883966.85,MCB Internet Banking Document (26).csv
08/02/2023,08/02/2023,Retrait sur GAB MCB  358210 FT230398J3DD\BNK  MCB MADA ZOOM,Retrait,500000.0,,6383966.85,MCB Internet Banking Document (26).csv
08/02/2023,08/02/2023,Retrait sur GAB confrere  471610 FT23039N4YPL\BNK  BNI BNI AMPASAMPITO,Retrait,500000.0,,5883966.85,MCB Internet Banking Document (26).csv
09/02/2023,09/02/2023,Retrait sur GAB confrere  422830 FT23040YRJDL\BNK  SGMADA Mahazo,Retrait,200000.0,,5683966.85,MCB Internet Banking Document (26).csv
10/02/2023,10/02/2023,DB vente carte etrangere  388770 FT23041K30CY\BNK  PAYPAL,Paiement carte,4427.58,,5679539.27,MCB Internet Banking Document (26).csv
10/02/2023,10/02/2023,DB vente carte etrangere  REV FT2304141VFQ\BNK   388830 PAYPAL,Paiement carte,4427.58,,5683966.85,MCB Internet Banking Document (26).csv
10/02/2023,10/02/2023,DB vente carte etrangere  388900 FT23041YPTZK\BNK  PAYPAL PREM KUMAR,Paiement carte,44688.4,,5639278.45,MCB Internet Banking Document (26).csv
10/02/2023,10/02/2023,DB vente carte etrangere  396660 FT23041GK8H0\BNK  PAYPAL,Paiement carte,4427.58,,5634850.87,MCB Internet Banking Document (26).csv
10/02/2023,10/02/2023,DB vente carte etrangere  REV FT2304160S9P\BNK   396750 PAYPAL,Paiement carte,4427.58,,5639278.45,MCB Internet Banking Document (26).csv
10/02/2023,10/02/2023,DB vente carte etrangere  396960 FT23041K5Z38\BNK  PAYPAL PREM KUMAR,Paiement carte,55781.4,,5583497.05,MCB Internet Banking Document (26).csv
10/02/2023,10/02/2023,Retrait sur GAB confrere  526640 FT23041K625D\BNK  BNI BNI AMBATOBE,Retrait,100000.0,,5483497.05,MCB Internet Banking Document (26).csv
13/02/2023,10/02/2023,Frais de virement FT230441TSN2\BNK,Frais bancaires,2000.0,,5481497.05,MCB Internet Banking Document (26).csv
13/02/2023,10/02/2023,TVA FT230441TSN2\BNK,Frais bancaires,400.0,,5481097.05,MCB Internet Banking Document (26).csv
13/02/2023,10/02/2023,Prelevement automatic -DR DD INTERMEDIATARY FT230441TSN2\BNK   TELMA MOBILE FINV/00036068/23 316219,Autre revenu,,299000.0,5182097.05,MCB Internet Banking Document (26).csv
13/02/2023,13/02/2023,DB vente carte etrangere  856990 FT23044JJSM4\BNK  SmartGlocal,Paiement carte,47791.24,,5134305.81,MCB Internet Banking Document (26).csv
13/02/2023,13/02/2023,DB vente carte confrere  372320 FT23044RLPKS\BNK  SOCIETE LIANTSOA,Paiement carte,103200.0,,5031105.81,MCB Internet Banking Document (26).csv
13/02/2023,13/02/2023,Retrait sur GAB confrere  289960 FT23044XC7SJ\BNK  SGMADA Mahazo,Retrait,200000.0,,4831105.81,MCB Internet Banking Document (26).csv
13/02/2023,13/02/2023,Retrait sur GAB confrere  705400 FT23044D51PJ\BNK  SGMADA Mahazo,Retrait,200000.0,,4631105.81,MCB Internet Banking Document (26).csv
14/02/2023,14/02/2023,Retrait sur GAB confrere  477680 FT23045NP3N2\BNK  BNI BNI AMPASAMPITO,Retrait,100000.0,,4531105.81,MCB Internet Banking Document (26).csv
16/02/2023,16/02/2023,Retrait sur GAB confrere  631700 FT23047L7T8G\BNK  SGMADA Mahazo 2,Retrait,150000.0,,4381105.81,MCB Internet Banking Document (26).csv
17/02/2023,17/02/2023,DB vente carte confrere  572530 FT23048ZSYR9\BNK  CINEPAX MADAGASCAR,Paiement carte,50000.0,,4331105.81,MCB Internet Banking Document (26).csv
17/02/2023,17/02/2023,DB vente carte confrere  574990 FT2304813QQ5\BNK  CINEPAX II,Paiement carte,26000.0,,4305105.81,MCB Internet Banking Document (26).csv
20/02/2023,20/02/2023,Retrait sur GAB confrere  689820 FT2305168LM1\BNK  SGMADA Mahazo 2,Retrait,50000.0,,4255105.81,MCB Internet Banking Document (26).csv
20/02/2023,20/02/2023,DB vente carte etrangere  731080 FT23051KJMQ0\BNK  INSTANT GAMING,Paiement carte,69400.64,,4185705.17,MCB Internet Banking Document (26).csv
21/02/2023,21/02/2023,Retrait sur GAB confrere  342180 FT23052XKW1J\BNK  BNI BNI AMPASAMPITO,Retrait,150000.0,,4035705.17,MCB Internet Banking Document (26).csv
21/02/2023,21/02/2023,Retrait sur GAB confrere  465650 FT230528S6WH\BNK  BNI BNI AMPASAMPITO,Retrait,200000.0,,3835705.17,MCB Internet Banking Document (26).csv
24/02/2023,24/02/2023,Retrait sur GAB confrere  375700 FT230553CR7G\BNK  SGMADA Mahazo 2,Retrait,200000.0,,3635705.17,MCB Internet Banking Document (26).csv
27/02/2023,27/02/2023,Retrait sur GAB confrere  398220 FT23058YX19G\BNK  BNI ANKORONDRANO Route,Retrait,200000.0,,3435705.17,MCB Internet Banking Document (26).csv
27/02/2023,27/02/2023,DB vente carte confrere  405160 FT2305869HRV\BNK  MATERAUTO,Paiement carte,94800.0,,3340905.17,MCB Internet Banking Document (26).csv
27/02/2023,27/02/2023,Retrait sur GAB confrere  563840 FT230586KW6Q\BNK  BNI BNI AMPASAMPITO,Retrait,200000.0,,3140905.17,MCB Internet Banking Document (26).csv
27/02/2023,27/02/2023,Retrait sur GAB MCB  739790 FT23058DVWGJ\BNK  MCB MADA LE BONNET,Retrait,200000.0,,2940905.17,MCB Internet Banking Document (26).csv
27/02/2023,27/02/2023,DB vente carte confrere  822720 FT23058F9NRQ\BNK  JOVENA ANDRANOBEVAVA,Paiement carte,150000.0,,2790905.17,MCB Internet Banking Document (26).csv
27/02/2023,27/02/2023,Retrait sur GAB confrere  027250 FT230580LC64\BNK  SGMADA Independance 1,Retrait,200000.0,,2590905.17,MCB Internet Banking Document (26).csv
27/02/2023,27/02/2023,DB vente carte confrere  459430 FT23058S5MHW\BNK  SCORE ANTSAHABE,Paiement carte,227282.0,,2363623.17,MCB Internet Banking Document (26).csv
27/02/2023,27/02/2023,Retrait sur GAB confrere  695790 FT23058G5QQS\BNK  BNI ANKORONDRANO Route,Retrait,100000.0,,2263623.17,MCB Internet Banking Document (26).csv
28/02/2023,28/02/2023,DB vente carte confrere  334060 FT230599F8QV\BNK  STATION JOVENA AMBOHIMA,Paiement carte,210000.0,,2053623.17,MCB Internet Banking Document (26).csv
28/02/2023,01/03/2023,TVA 1079646.FRAIS.TENUE.COMPTE.MGA10 000.20230228,Frais bancaires,2000.0,,2051623.17,MCB Internet Banking Document (26).csv
28/02/2023,01/03/2023,Frais Tenue de compte 1079646.FRAIS.TENUE.COMPTE.MGA10 000.20230228,Frais bancaires,10000.0,,2041623.17,MCB Internet Banking Document (26).csv
01/03/2023,01/03/2023,Retrait sur GAB confrere  444480 FT230608HN8S\BNK  BNI BNI ANTSAKAVIRO,Retrait,200000.0,,1841623.17,MCB Internet Banking Document (27).csv
01/03/2023,01/03/2023,Retrait sur GAB confrere  445990 FT23060X01HV\BNK  BNI BNI ANTSAKAVIRO,Retrait,200000.0,,1641623.17,MCB Internet Banking Document (27).csv
01/03/2023,01/03/2023,Retrait sur GAB confrere  446550 FT230608JJZ2\BNK  BNI BNI ANTSAKAVIRO,Retrait,200000.0,,1441623.17,MCB Internet Banking Document (27).csv
01/03/2023,01/03/2023,Retrait sur GAB confrere  444480 FT230608HN8S\BNK  BNI BNI ANTSAKAVIRO,Retrait,200000.0,,1841623.17,MCB Internet Banking Document (28).csv
01/03/2023,01/03/2023,Retrait sur GAB confrere  445990 FT23060X01HV\BNK  BNI BNI ANTSAKAVIRO,Retrait,200000.0,,1641623.17,MCB Internet Banking Document (28).csv
01/03/2023,01/03/2023,Retrait sur GAB confrere  446550 FT230608JJZ2\BNK  BNI BNI ANTSAKAVIRO,Retrait,200000.0,,1441623.17,MCB Internet Banking Document (28).csv
02/03/2023,02/03/2023,Retrait sur GAB confrere  357880 FT230611JK4K\BNK  SGMADA Mahazo 2,Retrait,50000.0,,1391623.17,MCB Internet Banking Document (27).csv
02/03/2023,02/03/2023,Retrait sur GAB confrere  358600 FT230611J388\BNK  SGMADA Mahazo 2,Retrait,50000.0,,1341623.17,MCB Internet Banking Document (27).csv
02/03/2023,02/03/2023,Retrait sur GAB confrere  357880 FT230611JK4K\BNK  SGMADA Mahazo 2,Retrait,50000.0,,1391623.17,MCB Internet Banking Document (28).csv
02/03/2023,02/03/2023,Retrait sur GAB confrere  358600 FT230611J388\BNK  SGMADA Mahazo 2,Retrait,50000.0,,1341623.17,MCB Internet Banking Document (28).csv
03/03/2023,03/03/2023,Retrait sur GAB confrere  695050 FT230628Z0Z7\BNK  BNI BNI AMPASAMPITO,Retrait,100000.0,,1241623.17,MCB Internet Banking Document (27).csv
03/03/2023,03/03/2023,Retrait sur GAB confrere  695050 FT230628Z0Z7\BNK  BNI BNI AMPASAMPITO,Retrait,100000.0,,1241623.17,MCB Internet Banking Document (28).csv
06/03/2023,06/03/2023,DB vente carte etrangere  068340 FT23065XZ0DH\BNK  SPOTIFY AB,Paiement carte,13216.13,,1228407.04,MCB Internet Banking Document (27).csv
06/03/2023,06/03/2023,Retrait sur GAB confrere  453870 FT230652ZF27\BNK  BNI ANKORONDRANO Route,Retrait,100000.0,,1128407.04,MCB Internet Banking Document (27).csv
06/03/2023,06/03/2023,Virement recus Banque Confrere GEEKWORKERS SARL FT23065NZPD2\BNK   Prestation Fev 2023 - GW,Autre revenu,,3475710.0,4604117.04,MCB Internet Banking Document (27).csv
06/03/2023,06/03/2023,DB vente carte etrangere  068340 FT23065XZ0DH\BNK  SPOTIFY AB,Paiement carte,13216.13,,1228407.04,MCB Internet Banking Document (28).csv
06/03/2023,06/03/2023,Retrait sur GAB confrere  453870 FT230652ZF27\BNK  BNI ANKORONDRANO Route,Retrait,100000.0,,1128407.04,MCB Internet Banking Document (28).csv
06/03/2023,06/03/2023,Virement recus Banque Confrere GEEKWORKERS SARL FT23065NZPD2\BNK   Prestation Fev 2023 - GW,Autre revenu,,3475710.0,4604117.04,MCB Internet Banking Document (28).csv
07/03/2023,07/03/2023,Retrait sur GAB confrere  677690 FT23066YH85L\BNK  BNI ANKORONDRANO Route,Retrait,100000.0,,4504117.04,MCB Internet Banking Document (27).csv
07/03/2023,07/03/2023,Retrait sur GAB confrere  677690 FT23066YH85L\BNK  BNI ANKORONDRANO Route,Retrait,100000.0,,4504117.04,MCB Internet Banking Document (28).csv
08/03/2023,08/03/2023,Retrait sur GAB MCB  405960 FT23067JCH37\BNK  MCB MADA LE BONNET,Retrait,150000.0,,4354117.04,MCB Internet Banking Document (27).csv
08/03/2023,08/03/2023,DB vente carte confrere  567600 FT23067XHSDM\BNK  JUMBO TANJOMBAT,Paiement carte,65890.0,,4288227.04,MCB Internet Banking Document (27).csv
08/03/2023,08/03/2023,Retrait sur GAB confrere  713180 FT2306782HDL\BNK  BNI ANALAKELY 74,Retrait,100000.0,,4188227.04,MCB Internet Banking Document (27).csv
08/03/2023,08/03/2023,Retrait sur GAB MCB  405960 FT23067JCH37\BNK  MCB MADA LE BONNET,Retrait,150000.0,,4354117.04,MCB Internet Banking Document (28).csv
08/03/2023,08/03/2023,DB vente carte confrere  567600 FT23067XHSDM\BNK  JUMBO TANJOMBAT,Paiement carte,65890.0,,4288227.04,MCB Internet Banking Document (28).csv
08/03/2023,08/03/2023,Retrait sur GAB confrere  713180 FT2306782HDL\BNK  BNI ANALAKELY 74,Retrait,100000.0,,4188227.04,MCB Internet Banking Document (28).csv
09/03/2023,09/03/2023,Retrait sur GAB confrere  704680 FT230685NMS0\BNK  SGMADA Mahazo,Retrait,50000.0,,4138227.04,MCB Internet Banking Document (27).csv
09/03/2023,09/03/2023,Retrait sur GAB confrere  704680 FT230685NMS0\BNK  SGMADA Mahazo,Retrait,50000.0,,4138227.04,MCB Internet Banking Document (28).csv
10/03/2023,09/03/2023,Frais de virement FT230696DCPZ\BNK,Frais bancaires,2000.0,,4136227.04,MCB Internet Banking Document (27).csv
10/03/2023,09/03/2023,TVA FT230696DCPZ\BNK,Frais bancaires,400.0,,4135827.04,MCB Internet Banking Document (27).csv
10/03/2023,09/03/2023,Prelevement automatic -DR DD INTERMEDIATARY FT230696DCPZ\BNK   TELMA MOBILE FINV/00084683/23 316219,Autre revenu,,247000.0,3888827.04,MCB Internet Banking Document (27).csv
10/03/2023,09/03/2023,Frais de virement FT230696DCPZ\BNK,Frais bancaires,2000.0,,4136227.04,MCB Internet Banking Document (28).csv
10/03/2023,09/03/2023,TVA FT230696DCPZ\BNK,Frais bancaires,400.0,,4135827.04,MCB Internet Banking Document (28).csv
10/03/2023,09/03/2023,Prelevement automatic -DR DD INTERMEDIATARY FT230696DCPZ\BNK   TELMA MOBILE FINV/00084683/23 316219,Autre revenu,,247000.0,3888827.04,MCB Internet Banking Document (28).csv
13/03/2023,13/03/2023,DB vente carte etrangere  857050 FT230721DJVS\BNK  SmartGlocal,Paiement carte,46860.41,,3841966.63,MCB Internet Banking Document (27).csv
13/03/2023,13/03/2023,Retrait sur GAB confrere  032350 FT23072PF1WF\BNK  BNI BNI ANTSAKAVIRO,Retrait,100000.0,,3741966.63,MCB Internet Banking Document (27).csv
13/03/2023,13/03/2023,Retrait sur GAB confrere  483180 FT230725K02W\BNK  BNI BNI AMPASAMPITO,Retrait,100000.0,,3641966.63,MCB Internet Banking Document (27).csv
13/03/2023,13/03/2023,Retrait sur GAB confrere  586650 FT23072YVZK0\BNK  SGMADA 67 Ha,Retrait,800000.0,,2841966.63,MCB Internet Banking Document (27).csv
13/03/2023,13/03/2023,Retrait sur GAB confrere  587230 FT23072PYXX3\BNK  SGMADA 67 Ha,Retrait,800000.0,,2041966.63,MCB Internet Banking Document (27).csv
13/03/2023,13/03/2023,Retrait sur GAB confrere  587750 FT23072QK3CF\BNK  SGMADA 67 Ha,Retrait,800000.0,,1241966.63,MCB Internet Banking Document (27).csv
13/03/2023,13/03/2023,Retrait sur GAB confrere  588490 FT23072PT7CD\BNK  SGMADA 67 Ha,Retrait,800000.0,,441966.63,MCB Internet Banking Document (27).csv
13/03/2023,13/03/2023,Retrait sur GAB confrere  589320 FT23072F5Z5V\BNK  SGMADA 67 Ha,Retrait,400000.0,,41966.63,MCB Internet Banking Document (27).csv
13/03/2023,13/03/2023,DB vente carte etrangere  857050 FT230721DJVS\BNK  SmartGlocal,Paiement carte,46860.41,,3841966.63,MCB Internet Banking Document (28).csv
13/03/2023,13/03/2023,Retrait sur GAB confrere  032350 FT23072PF1WF\BNK  BNI BNI ANTSAKAVIRO,Retrait,100000.0,,3741966.63,MCB Internet Banking Document (28).csv
13/03/2023,13/03/2023,Retrait sur GAB confrere  483180 FT230725K02W\BNK  BNI BNI AMPASAMPITO,Retrait,100000.0,,3641966.63,MCB Internet Banking Document (28).csv
13/03/2023,13/03/2023,Retrait sur GAB confrere  586650 FT23072YVZK0\BNK  SGMADA 67 Ha,Retrait,800000.0,,2841966.63,MCB Internet Banking Document (28).csv
13/03/2023,13/03/2023,Retrait sur GAB confrere  587230 FT23072PYXX3\BNK  SGMADA 67 Ha,Retrait,800000.0,,2041966.63,MCB Internet Banking Document (28).csv
13/03/2023,13/03/2023,Retrait sur GAB confrere  587750 FT23072QK3CF\BNK  SGMADA 67 Ha,Retrait,800000.0,,1241966.63,MCB Internet Banking Document (28).csv
13/03/2023,13/03/2023,Retrait sur GAB confrere  588490 FT23072PT7CD\BNK  SGMADA 67 Ha,Retrait,800000.0,,441966.63,MCB Internet Banking Document (28).csv
13/03/2023,13/03/2023,Retrait sur GAB confrere  589320 FT23072F5Z5V\BNK  SGMADA 67 Ha,Retrait,400000.0,,41966.63,MCB Internet Banking Document (28).csv
14/03/2023,14/03/2023,Retrait sur GAB confrere  694790 FT23073PM0JP\BNK  BNI BNI AMPASAMPITO,Retrait,30000.0,,11966.63,MCB Internet Banking Document (27).csv
14/03/2023,14/03/2023,Retrait sur GAB confrere  694790 FT23073PM0JP\BNK  BNI BNI AMPASAMPITO,Retrait,30000.0,,11966.63,MCB Internet Banking Document (28).csv
31/03/2023,01/04/2023,TVA 1079646.FRAIS.TENUE.COMPTE.MGA10 000.20230331,Frais bancaires,2000.0,,9966.63,MCB Internet Banking Document (27).csv
31/03/2023,01/04/2023,TVA 1079646.FRAIS.TENUE.COMPTE.MGA10 000.20230331,Frais bancaires,2000.0,,9966.63,MCB Internet Banking Document (28).csv
04/04/2023,04/04/2023,Depot en especes  LUI MEME TT23094THXSF,Autre revenu,,50000.0,49966.63,MCB Internet Banking Document (29).csv
04/04/2023,04/04/2023,DB vente carte etrangere  459460 FT230949H5JL\BNK  PAYPRO US INC.,Paiement carte,4468.01,,45498.62,MCB Internet Banking Document (29).csv
05/04/2023,05/04/2023,Retrait sur GAB confrere  761310 FT23095CLZNP\BNK  SGMADA Independance 1,Retrait,30000.0,,15498.62,MCB Internet Banking Document (29).csv
05/04/2023,05/04/2023,DB vente carte etrangere  068400 FT23095N2DVB\BNK  SPOTIFY AB,Paiement carte,13369.02,,2129.6,MCB Internet Banking Document (29).csv
06/04/2023,06/04/2023,Virement recus Banque Confrere GEEKWORKERS SARL FT23096VDLQ6\BNK   Prestation - GW - Mars 23,Autre revenu,,3146139.6,3148269.2,MCB Internet Banking Document (29).csv
07/04/2023,07/04/2023,Retrait sur GAB confrere  610580 FT23097S0L9R\BNK  BNI BNI AMPARAFARAVOLA,Retrait,100000.0,,3048269.2,MCB Internet Banking Document (29).csv
11/04/2023,11/04/2023,Retrait sur GAB confrere  369760 FT23101XD9JH\BNK  BNI BNI AMPARAFARAVOLA,Retrait,200000.0,,2848269.2,MCB Internet Banking Document (29).csv
11/04/2023,11/04/2023,Retrait sur GAB confrere  370370 FT23101CL9LB\BNK  BNI BNI AMPARAFARAVOLA,Retrait,100000.0,,2748269.2,MCB Internet Banking Document (29).csv
11/04/2023,11/04/2023,Retrait sur GAB confrere  418590 FT23101RQFV5\BNK  BNI CMT AMBOHIMANGAKELY,Retrait,200000.0,,2548269.2,MCB Internet Banking Document (29).csv
11/04/2023,11/04/2023,Retrait sur GAB confrere  397820 FT23101M5LWG\BNK  SGMADA Mahazo,Retrait,800000.0,,1748269.2,MCB Internet Banking Document (29).csv
11/04/2023,11/04/2023,DB vente carte etrangere  REV FT23101STDY3\BNK   459620 PAYPRO US INC.,Paiement carte,4468.01,,1752737.21,MCB Internet Banking Document (29).csv
12/04/2023,11/04/2023,Frais de virement FT23102CKCMC\BNK,Frais bancaires,2000.0,,1750737.21,MCB Internet Banking Document (29).csv
12/04/2023,11/04/2023,TVA FT23102CKCMC\BNK,Frais bancaires,400.0,,1750337.21,MCB Internet Banking Document (29).csv
12/04/2023,11/04/2023,Prelevement automatic -DR DD INTERMEDIATARY FT23102CKCMC\BNK   TELMA S.A F2304777773,Autre revenu,,249000.0,1501337.21,MCB Internet Banking Document (29).csv
12/04/2023,12/04/2023,Retrait sur GAB confrere  312620 FT23102PQWKP\BNK  SGMADA AGENCE ILAFY --A,Retrait,50000.0,,1451337.21,MCB Internet Banking Document (29).csv
12/04/2023,12/04/2023,Retrait sur GAB confrere  709140 FT23102L5HGP\BNK  SGMADA Mahazo,Retrait,50000.0,,1401337.21,MCB Internet Banking Document (29).csv
13/04/2023,13/04/2023,Retrait sur GAB confrere  368590 FT23103WCZ5D\BNK  BNI BNI AMPASAMPITO,Retrait,800000.0,,601337.21,MCB Internet Banking Document (29).csv
13/04/2023,13/04/2023,Retrait sur GAB confrere  369260 FT23103R2SQ6\BNK  BNI BNI AMPASAMPITO,Retrait,200000.0,,401337.21,MCB Internet Banking Document (29).csv
13/04/2023,13/04/2023,Retrait sur GAB confrere  369930 FT23103RMC1S\BNK  BNI BNI AMPASAMPITO,Retrait,150000.0,,251337.21,MCB Internet Banking Document (29).csv
14/04/2023,14/04/2023,DB vente carte etrangere  002830 FT2310497BWH\BNK  PAYPAL,Paiement carte,4496.52,,246840.69,MCB Internet Banking Document (29).csv
14/04/2023,14/04/2023,DB vente carte etrangere  REV FT23104RQRZH\BNK   002940 PAYPAL,Paiement carte,4496.52,,251337.21,MCB Internet Banking Document (29).csv
14/04/2023,14/04/2023,DB vente carte etrangere  002970 FT23104MT0H8\BNK  PAYPAL PREM KUMAR,Paiement carte,44981.4,,206355.81,MCB Internet Banking Document (29).csv
14/04/2023,14/04/2023,Retrait sur GAB confrere  492270 FT23104JTRP2\BNK  BNI BNI ANDRAVOAHANGY,Retrait,100000.0,,106355.81,MCB Internet Banking Document (29).csv
18/04/2023,18/04/2023,DB vente carte etrangere  460040 FT2310851RM8\BNK  PayPro US Inc.,Paiement carte,22586.63,,83769.18,MCB Internet Banking Document (29).csv
25/04/2023,25/04/2023,Transfert compte a compte RefundPAYPRO US INC. FT23115B72KQ\B99  RefundPAYPRO US,Remboursement,,21325.71,105094.89,MCB Internet Banking Document (29).csv
25/04/2023,25/04/2023,Retrait sur GAB confrere  577920 FT23115GCNYH\BNK  BNI BNI AMPASAMPITO,Retrait,50000.0,,55094.89,MCB Internet Banking Document (29).csv
28/04/2023,01/05/2023,TVA 1079646.FRAIS.TENUE.COMPTE.MGA10 000.20230430,Frais bancaires,2000.0,,53094.89,MCB Internet Banking Document (29).csv
28/04/2023,01/05/2023,Frais Tenue de compte 1079646.FRAIS.TENUE.COMPTE.MGA10 000.20230430,Frais bancaires,10000.0,,43094.89,MCB Internet Banking Document (29).csv
05/05/2023,05/05/2023,DB vente carte etrangere  068330 FT23125JPY5F\BNK  SPOTIFY AB,Paiement carte,13481.62,,29613.27,MCB Internet Banking Document (30).csv
05/05/2023,05/05/2023,Depot en especes MR FANOMEZANIRINA FENOHERY TT23125WXL55,Autre revenu,,300000.0,329613.27,MCB Internet Banking Document (30).csv
05/05/2023,05/05/2023,Virement recus Banque Confrere GEEKWORKERS SARL FT23125XPQDV\BNK   Prestation - Avril 2023 - GW,Autre revenu,,543790.8,873404.07,MCB Internet Banking Document (30).csv
08/05/2023,08/05/2023,Retrait sur GAB confrere  400860 FT23128NXLMR\BNK  SGMADA Mahazo 2,Retrait,550000.0,,323404.07,MCB Internet Banking Document (30).csv
11/05/2023,10/05/2023,Frais de virement FT23131L1F81\BNK,Frais bancaires,2000.0,,321404.07,MCB Internet Banking Document (30).csv
11/05/2023,10/05/2023,TVA FT23131L1F81\BNK,Frais bancaires,400.0,,321004.07,MCB Internet Banking Document (30).csv
11/05/2023,10/05/2023,Prelevement automatic -DR DD INTERMEDIATARY FT23131L1F81\BNK   TELMA S.A F2305821921,Autre revenu,,249000.0,72004.07,MCB Internet Banking Document (30).csv
12/05/2023,12/05/2023,Retrait sur GAB confrere  565450 FT231324P7CG\BNK  BNI ANKORONDRANO Route,Retrait,50000.0,,22004.07,MCB Internet Banking Document (30).csv
15/05/2023,15/05/2023,DB vente carte etrangere  741320 FT23135SJFZN\BNK  FACEBK ADS,Paiement carte,9020.09,,12983.98,MCB Internet Banking Document (30).csv
15/05/2023,15/05/2023,DB vente carte etrangere  270890 FT23135HK1V2\BNK  FACEBK 4C863QT3T2,Paiement carte,45.11,,12938.87,MCB Internet Banking Document (30).csv
15/05/2023,15/05/2023,DB vente carte etrangere  381930 FT23135643SR\BNK  FACEBK ADS,Paiement carte,9022.35,,3916.52,MCB Internet Banking Document (30).csv
19/05/2023,19/05/2023,DB vente carte etrangere  666430 FT23139K3NXQ\BNK  FACEBK 8WSKDPB4T2,Paiement carte,135.62,,3780.9,MCB Internet Banking Document (30).csv
31/05/2023,01/06/2023,TVA 1079646.FRAIS.TENUE.COMPTE.MGA10 000.20230531,Frais bancaires,2000.0,,1780.9,MCB Internet Banking Document (30).csv
13/06/2023,13/06/2023,Depot en especes  LUI MEME TT23164K5L4W,Autre revenu,,300000.0,291780.9,MCB Internet Banking Document (31).csv
14/06/2023,14/06/2023,DB vente carte etrangere  068350 FT231652YG8Y\BNK  SPOTIFY AB,Paiement carte,13625.24,,278155.66,MCB Internet Banking Document (31).csv
16/06/2023,16/06/2023,Frais de virement FT231672QH82\BNK,Frais bancaires,2000.0,,276155.66,MCB Internet Banking Document (31).csv
16/06/2023,16/06/2023,TVA FT231672QH82\BNK,Frais bancaires,400.0,,275755.66,MCB Internet Banking Document (31).csv
16/06/2023,16/06/2023,Transfert compte a compte TELMA MOBILE FT231672QH82\BNK   F2306871760 TELMA SA,Autre revenu,,249000.0,26755.66,MCB Internet Banking Document (31).csv
19/06/2023,19/06/2023,DB vente carte etrangere  598360 FT23170LX8ZB\BNK  PAYPAL,Paiement carte,4585.42,,22170.24,MCB Internet Banking Document (31).csv
19/06/2023,19/06/2023,DB vente carte etrangere  598880 FT231704L1H3\BNK  PAYPAL,Paiement carte,4585.42,,17584.82,MCB Internet Banking Document (31).csv
19/06/2023,19/06/2023,DB vente carte etrangere  600300 FT23170R56BG\BNK  PAYPAL,Paiement carte,4585.42,,12999.4,MCB Internet Banking Document (31).csv
19/06/2023,19/06/2023,DB vente carte etrangere  602840 FT23170HSBC4\BNK  PAYPAL,Paiement carte,4585.42,,8413.98,MCB Internet Banking Document (31).csv
19/06/2023,19/06/2023,DB vente carte etrangere  611100 FT23170C513R\BNK  PAYPAL,Paiement carte,4585.42,,3828.56,MCB Internet Banking Document (31).csv
30/06/2023,01/07/2023,TVA 1079646.FRAIS.TENUE.COMPTE.MGA10 000.20230630,Frais bancaires,2000.0,,1828.56,MCB Internet Banking Document (31).csv
06/07/2023,06/07/2023,Depot en especes  LUI MEME TT231870X9TT,Autre revenu,,280000.0,271828.56,MCB Internet Banking Document (32).csv
10/07/2023,10/07/2023,DB vente carte etrangere  068380 FT23191D8HPT\BNK  SPOTIFY AB,Paiement carte,13906.66,,257921.9,MCB Internet Banking Document (32).csv
11/07/2023,10/07/2023,Frais de virement FT231929CLKR\BNK,Frais bancaires,2000.0,,255921.9,MCB Internet Banking Document (32).csv
11/07/2023,10/07/2023,TVA FT231929CLKR\BNK,Frais bancaires,400.0,,255521.9,MCB Internet Banking Document (32).csv
11/07/2023,10/07/2023,Prelevement automatic -DR DD INTERMEDIATARY FT231929CLKR\BNK   TELMA S.A F2307931361,Autre revenu,,249000.0,6521.9,MCB Internet Banking Document (32).csv
25/07/2023,25/07/2023,DB vente carte etrangere  518670 FT23206JYP4G\BNK  ORACLE IRELAND,Paiement carte,4749.05,,1772.85,MCB Internet Banking Document (32).csv
25/07/2023,25/07/2023,DB vente carte etrangere  REV FT23206CXTY9\BNK   518740 ORACLE IRELAND,Paiement carte,4749.05,,6521.9,MCB Internet Banking Document (32).csv
25/07/2023,25/07/2023,DB vente carte etrangere  523080 FT232064Y8NN\BNK  ORACLE IRELAND,Paiement carte,4749.05,,1772.85,MCB Internet Banking Document (32).csv
25/07/2023,25/07/2023,DB vente carte etrangere  REV FT23206J3JN8\BNK   523130 ORACLE IRELAND,Paiement carte,4749.05,,6521.9,MCB Internet Banking Document (32).csv
25/07/2023,25/07/2023,DB vente carte etrangere  525910 FT232066G889\BNK  ORACLE IRELAND,Paiement carte,4749.05,,1772.85,MCB Internet Banking Document (32).csv
25/07/2023,25/07/2023,DB vente carte etrangere  REV FT23206XV6MR\BNK   526010 ORACLE IRELAND,Paiement carte,4749.05,,6521.9,MCB Internet Banking Document (32).csv
25/07/2023,25/07/2023,DB vente carte etrangere  531710 FT23206W2QTR\BNK  ORACLE IRELAND,Paiement carte,4749.05,,1772.85,MCB Internet Banking Document (32).csv
25/07/2023,25/07/2023,DB vente carte etrangere  REV FT23206M59RZ\BNK   531780 ORACLE IRELAND,Paiement carte,4749.05,,6521.9,MCB Internet Banking Document (32).csv
27/07/2023,27/07/2023,DB vente carte etrangere  254990 FT232082NL7S\BNK  ORACLE IRELAND,Paiement carte,4736.37,,1785.53,MCB Internet Banking Document (32).csv
27/07/2023,27/07/2023,DB vente carte etrangere  REV FT23208KZ0LJ\BNK   255040 ORACLE IRELAND,Paiement carte,4736.37,,6521.9,MCB Internet Banking Document (32).csv
27/07/2023,27/07/2023,DB vente carte etrangere  256840 FT23208543SR\BNK  ORACLE IRELAND,Paiement carte,4736.37,,1785.53,MCB Internet Banking Document (32).csv
27/07/2023,27/07/2023,DB vente carte etrangere  REV FT23208S3YZX\BNK   256910 ORACLE IRELAND,Paiement carte,4736.37,,6521.9,MCB Internet Banking Document (32).csv
27/07/2023,27/07/2023,DB vente carte etrangere  265050 FT232086TW40\BNK  ORACLE IRELAND,Paiement carte,4736.37,,1785.53,MCB Internet Banking Document (32).csv
27/07/2023,27/07/2023,DB vente carte etrangere  REV FT232089BZ3N\BNK   265090 ORACLE IRELAND,Paiement carte,4736.37,,6521.9,MCB Internet Banking Document (32).csv
27/07/2023,27/07/2023,DB vente carte etrangere  267080 FT23208SZZFJ\BNK  ORACLE IRELAND,Paiement carte,4736.37,,1785.53,MCB Internet Banking Document (32).csv
27/07/2023,27/07/2023,DB vente carte etrangere  REV FT232087HKQ0\BNK   267130 ORACLE IRELAND,Paiement carte,4736.37,,6521.9,MCB Internet Banking Document (32).csv
27/07/2023,27/07/2023,DB vente carte etrangere  330380 FT23208Q1B2V\BNK  ORACLE IRELAND,Paiement carte,4736.37,,1785.53,MCB Internet Banking Document (32).csv
27/07/2023,27/07/2023,DB vente carte etrangere  REV FT23208Z9QNK\BNK   330450 ORACLE IRELAND,Paiement carte,4736.37,,6521.9,MCB Internet Banking Document (32).csv
27/07/2023,27/07/2023,DB vente carte etrangere  332170 FT232081D4TD\BNK  ORACLE IRELAND,Paiement carte,4736.37,,1785.53,MCB Internet Banking Document (32).csv
27/07/2023,27/07/2023,DB vente carte etrangere  REV FT232088PJ9Y\BNK   332280 ORACLE IRELAND,Paiement carte,4736.37,,6521.9,MCB Internet Banking Document (32).csv
27/07/2023,27/07/2023,DB vente carte etrangere  337490 FT23208JQ6G2\BNK  ORACLE IRELAND,Paiement carte,4736.37,,1785.53,MCB Internet Banking Document (32).csv
27/07/2023,27/07/2023,DB vente carte etrangere  REV FT23208X6G9R\BNK   337570 ORACLE IRELAND,Paiement carte,4736.37,,6521.9,MCB Internet Banking Document (32).csv
27/07/2023,27/07/2023,DB vente carte etrangere  340690 FT23208D9GP4\BNK  ORACLE IRELAND,Paiement carte,4736.37,,1785.53,MCB Internet Banking Document (32).csv
27/07/2023,27/07/2023,DB vente carte etrangere  REV FT23208N9PC1\BNK   340730 ORACLE IRELAND,Paiement carte,4736.37,,6521.9,MCB Internet Banking Document (32).csv
27/07/2023,27/07/2023,DB vente carte etrangere  342850 FT23208SSC6J\BNK  ORACLE IRELAND,Paiement carte,4736.37,,1785.53,MCB Internet Banking Document (32).csv
27/07/2023,27/07/2023,DB vente carte etrangere  REV FT23208ZJQGH\BNK   342910 ORACLE IRELAND,Paiement carte,4736.37,,6521.9,MCB Internet Banking Document (32).csv
27/07/2023,27/07/2023,DB vente carte etrangere  348180 FT23208BKZ31\BNK  ORACLE IRELAND,Paiement carte,4736.37,,1785.53,MCB Internet Banking Document (32).csv
27/07/2023,27/07/2023,DB vente carte etrangere  REV FT23208NF2W6\BNK   348240 ORACLE IRELAND,Paiement carte,4736.37,,6521.9,MCB Internet Banking Document (32).csv
27/07/2023,27/07/2023,DB vente carte etrangere  357720 FT23208YNGL2\BNK  ORACLE IRELAND,Paiement carte,4736.37,,1785.53,MCB Internet Banking Document (32).csv
27/07/2023,27/07/2023,DB vente carte etrangere  REV FT23208XS9T8\BNK   357760 ORACLE IRELAND,Paiement carte,4736.37,,6521.9,MCB Internet Banking Document (32).csv
31/07/2023,31/07/2023,DB vente carte etrangere  176960 FT232120377W\BNK  ORACLE IRELAND,Paiement carte,4709.12,,1812.78,MCB Internet Banking Document (32).csv
31/07/2023,31/07/2023,DB vente carte etrangere  REV FT2321248KKZ\BNK   177050 ORACLE IRELAND,Paiement carte,4709.12,,6521.9,MCB Internet Banking Document (32).csv
31/07/2023,31/07/2023,DB vente carte etrangere  179830 FT232120S5WY\BNK  ORACLE IRELAND,Paiement carte,4709.12,,1812.78,MCB Internet Banking Document (32).csv
31/07/2023,31/07/2023,DB vente carte etrangere  REV FT23212BB3QD\BNK   179900 ORACLE IRELAND,Paiement carte,4709.12,,6521.9,MCB Internet Banking Document (32).csv
31/07/2023,31/07/2023,DB vente carte etrangere  397830 FT2321218S2Q\BNK  ORACLE IRELAND,Paiement carte,4709.12,,1812.78,MCB Internet Banking Document (32).csv
31/07/2023,31/07/2023,DB vente carte etrangere  REV FT232123XDB7\BNK   397890 ORACLE IRELAND,Paiement carte,4709.12,,6521.9,MCB Internet Banking Document (32).csv
31/07/2023,01/08/2023,TVA 1079646.FRAIS.TENUE.COMPTE.MGA10 000.20230731,Frais bancaires,2000.0,,4521.9,MCB Internet Banking Document (32).csv
09/08/2023,09/08/2023,Depot en especes  LUI MEME TT23221D3F7Z,Autre revenu,,300000.0,294521.9,MCB Internet Banking Document (33).csv
14/08/2023,11/08/2023,Frais de virement FT23226DBBXS\BNK,Frais bancaires,2000.0,,292521.9,MCB Internet Banking Document (33).csv
14/08/2023,11/08/2023,TVA FT23226DBBXS\BNK,Frais bancaires,400.0,,292121.9,MCB Internet Banking Document (33).csv
14/08/2023,11/08/2023,Prelevement automatic -DR DD INTERMEDIATARY FT23226DBBXS\BNK   TELMA S.A F2308981141,Autre revenu,,249000.0,43121.9,MCB Internet Banking Document (33).csv
31/08/2023,01/09/2023,TVA 1079646.FRAIS.TENUE.COMPTE.MGA10 000.20230831,Frais bancaires,2000.0,,41121.9,MCB Internet Banking Document (33).csv
31/08/2023,01/09/2023,Frais Tenue de compte 1079646.FRAIS.TENUE.COMPTE.MGA10 000.20230831,Frais bancaires,10000.0,,31121.9,MCB Internet Banking Document (33).csv
04/09/2023,04/09/2023,DB vente carte etrangere  514680 FT23247JPP4J\BNK  FLEXJOBS.COM,Paiement carte,13546.59,,17575.31,MCB Internet Banking Document (34).csv
04/09/2023,04/09/2023,DB vente carte etrangere  551070 FT23247N022X\BNK  Upwork -615813340Connec,Paiement carte,6888.09,,10687.22,MCB Internet Banking Document (34).csv
04/09/2023,04/09/2023,DB vente carte etrangere  558650 FT23247YDZM7\BNK  Upwork -615814227Connec,Paiement carte,6888.09,,3799.13,MCB Internet Banking Document (34).csv
04/09/2023,04/09/2023,DB vente carte etrangere  514680 FT23247JPP4J\BNK  FLEXJOBS.COM,Paiement carte,13546.59,,17575.31,MCB Internet Banking Document (35).csv
04/09/2023,04/09/2023,DB vente carte etrangere  551070 FT23247N022X\BNK  Upwork -615813340Connec,Paiement carte,6888.09,,10687.22,MCB Internet Banking Document (35).csv
04/09/2023,04/09/2023,DB vente carte etrangere  558650 FT23247YDZM7\BNK  Upwork -615814227Connec,Paiement carte,6888.09,,3799.13,MCB Internet Banking Document (35).csv
08/09/2023,08/09/2023,Virement recus Banque Confrere MADINTEX GROUPE SA FT232510KKSC\BNK   FACTURE CREA,Autre revenu,,6000000.0,6003799.13,MCB Internet Banking Document (34).csv
08/09/2023,08/09/2023,Virement recus Banque Confrere MADINTEX GROUPE SA FT232510KKSC\BNK   FACTURE CREA,Autre revenu,,6000000.0,6003799.13,MCB Internet Banking Document (35).csv
11/09/2023,08/09/2023,Frais de virement FT23254RWF4X\BNK,Frais bancaires,2000.0,,6001799.13,MCB Internet Banking Document (34).csv
11/09/2023,08/09/2023,TVA FT23254RWF4X\BNK,Frais bancaires,400.0,,6001399.13,MCB Internet Banking Document (34).csv
11/09/2023,08/09/2023,Prelevement automatic -DR DD INTERMEDIATARY FT23254RWF4X\BNK   TELMA S.A F2309038359,Autre revenu,,249000.0,5752399.13,MCB Internet Banking Document (34).csv
11/09/2023,11/09/2023,Retrait sur GAB confrere  752190 FT23254NR3C2\BNK  SGMADA Mahazo,Retrait,200000.0,,5552399.13,MCB Internet Banking Document (34).csv
11/09/2023,11/09/2023,Retrait sur GAB MCB  652570 FT23254T9LBN\BNK  MCB MADA ANTSAHAVOLA,Retrait,800000.0,,4752399.13,MCB Internet Banking Document (34).csv
11/09/2023,11/09/2023,Retrait sur GAB MCB  653380 FT232546HBSW\BNK  MCB MADA ANTSAHAVOLA,Retrait,400000.0,,4352399.13,MCB Internet Banking Document (34).csv
11/09/2023,11/09/2023,Retrait sur GAB confrere  716850 FT23254GD5YM\BNK  SGMADA Agence MAHAZO,Retrait,100000.0,,4252399.13,MCB Internet Banking Document (34).csv
11/09/2023,11/09/2023,DB vente carte etrangere  513840 FT23254FGZY7\BNK  RELUME.IO,Paiement carte,174756.33,,4077642.8,MCB Internet Banking Document (34).csv
11/09/2023,11/09/2023,Retrait sur GAB confrere  675070 FT23254XB2JR\BNK  SGMADA Agence MAHAZO,Retrait,50000.0,,4027642.8,MCB Internet Banking Document (34).csv
11/09/2023,08/09/2023,Frais de virement FT23254RWF4X\BNK,Frais bancaires,2000.0,,6001799.13,MCB Internet Banking Document (35).csv
11/09/2023,08/09/2023,TVA FT23254RWF4X\BNK,Frais bancaires,400.0,,6001399.13,MCB Internet Banking Document (35).csv
11/09/2023,08/09/2023,Prelevement automatic -DR DD INTERMEDIATARY FT23254RWF4X\BNK   TELMA S.A F2309038359,Autre revenu,,249000.0,5752399.13,MCB Internet Banking Document (35).csv
11/09/2023,11/09/2023,Retrait sur GAB confrere  752190 FT23254NR3C2\BNK  SGMADA Mahazo,Retrait,200000.0,,5552399.13,MCB Internet Banking Document (35).csv
11/09/2023,11/09/2023,Retrait sur GAB MCB  652570 FT23254T9LBN\BNK  MCB MADA ANTSAHAVOLA,Retrait,800000.0,,4752399.13,MCB Internet Banking Document (35).csv
11/09/2023,11/09/2023,Retrait sur GAB MCB  653380 FT232546HBSW\BNK  MCB MADA ANTSAHAVOLA,Retrait,400000.0,,4352399.13,MCB Internet Banking Document (35).csv
11/09/2023,11/09/2023,Retrait sur GAB confrere  716850 FT23254GD5YM\BNK  SGMADA Agence MAHAZO,Retrait,100000.0,,4252399.13,MCB Internet Banking Document (35).csv
11/09/2023,11/09/2023,DB vente carte etrangere  513840 FT23254FGZY7\BNK  RELUME.IO,Paiement carte,174756.33,,4077642.8,MCB Internet Banking Document (35).csv
11/09/2023,11/09/2023,Retrait sur GAB confrere  675070 FT23254XB2JR\BNK  SGMADA Agence MAHAZO,Retrait,50000.0,,4027642.8,MCB Internet Banking Document (35).csv
12/09/2023,12/09/2023,DB vente carte etrangere  781300 FT23255PXT3P\BNK  NAME-CHEAP.COM M3GASO,Paiement carte,42125.48,,3985517.32,MCB Internet Banking Document (34).csv
12/09/2023,12/09/2023,Retrait sur GAB confrere  346530 FT23255BY923\BNK  SGMADA Mahazo,Retrait,200000.0,,3785517.32,MCB Internet Banking Document (34).csv
12/09/2023,12/09/2023,DB vente carte etrangere  617160 FT23255Q92YB\BNK  Yandex.Translator,Paiement carte,5980.34,,3779536.98,MCB Internet Banking Document (34).csv
12/09/2023,12/09/2023,DB vente carte etrangere  REV FT23255W58LQ\BNK   617220 Yandex.Translator,Paiement carte,5980.34,,3785517.32,MCB Internet Banking Document (34).csv
12/09/2023,12/09/2023,DB vente carte etrangere  781300 FT23255PXT3P\BNK  NAME-CHEAP.COM M3GASO,Paiement carte,42125.48,,3985517.32,MCB Internet Banking Document (35).csv
12/09/2023,12/09/2023,Retrait sur GAB confrere  346530 FT23255BY923\BNK  SGMADA Mahazo,Retrait,200000.0,,3785517.32,MCB Internet Banking Document (35).csv
12/09/2023,12/09/2023,DB vente carte etrangere  617160 FT23255Q92YB\BNK  Yandex.Translator,Paiement carte,5980.34,,3779536.98,MCB Internet Banking Document (35).csv
12/09/2023,12/09/2023,DB vente carte etrangere  REV FT23255W58LQ\BNK   617220 Yandex.Translator,Paiement carte,5980.34,,3785517.32,MCB Internet Banking Document (35).csv
14/09/2023,14/09/2023,Retrait sur GAB confrere  242840 FT23257X7RBN\BNK  BOAMGXB-GAB-1- MAHAZO,Retrait,150000.0,,3635517.32,MCB Internet Banking Document (34).csv
14/09/2023,14/09/2023,Retrait sur GAB confrere  242840 FT23257X7RBN\BNK  BOAMGXB-GAB-1- MAHAZO,Retrait,150000.0,,3635517.32,MCB Internet Banking Document (35).csv
15/09/2023,15/09/2023,Retrait sur GAB confrere  830420 FT232588TPGK\BNK  BNI BNI ANDRAVOAHANGY,Retrait,100000.0,,3535517.32,MCB Internet Banking Document (34).csv
15/09/2023,15/09/2023,Retrait sur GAB confrere  830420 FT232588TPGK\BNK  BNI BNI ANDRAVOAHANGY,Retrait,100000.0,,3535517.32,MCB Internet Banking Document (35).csv
18/09/2023,18/09/2023,Retrait sur GAB confrere  318620 FT23261GQSVC\BNK  SGMADA Mahazo,Retrait,300000.0,,3235517.32,MCB Internet Banking Document (34).csv
18/09/2023,18/09/2023,Retrait sur GAB confrere  513620 FT23261BVNCN\BNK  BNI BNI SABOTSY NAMEHAN,Retrait,50000.0,,3185517.32,MCB Internet Banking Document (34).csv
18/09/2023,18/09/2023,Retrait sur GAB confrere  389620 FT23261T1RPG\BNK  BNI CMT AMBOHIMANGAKELY,Retrait,100000.0,,3085517.32,MCB Internet Banking Document (34).csv
18/09/2023,18/09/2023,DB vente carte confrere  600010 FT23261HBLF9\BNK  SHOPRITE MADAGASCAR,Paiement carte,164487.0,,2921030.32,MCB Internet Banking Document (34).csv
18/09/2023,18/09/2023,Retrait sur GAB confrere  603390 FT23261126MK\BNK  BNI LA CITY ALAROBIA,Retrait,50000.0,,2871030.32,MCB Internet Banking Document (34).csv
18/09/2023,18/09/2023,DB vente carte confrere  744530 FT23261K0XD3\BNK  PIZZAMANIA A MY,Paiement carte,30000.0,,2841030.32,MCB Internet Banking Document (34).csv
18/09/2023,18/09/2023,Retrait sur GAB confrere  318620 FT23261GQSVC\BNK  SGMADA Mahazo,Retrait,300000.0,,3235517.32,MCB Internet Banking Document (35).csv
18/09/2023,18/09/2023,Retrait sur GAB confrere  513620 FT23261BVNCN\BNK  BNI BNI SABOTSY NAMEHAN,Retrait,50000.0,,3185517.32,MCB Internet Banking Document (35).csv
18/09/2023,18/09/2023,Retrait sur GAB confrere  389620 FT23261T1RPG\BNK  BNI CMT AMBOHIMANGAKELY,Retrait,100000.0,,3085517.32,MCB Internet Banking Document (35).csv
18/09/2023,18/09/2023,DB vente carte confrere  600010 FT23261HBLF9\BNK  SHOPRITE MADAGASCAR,Paiement carte,164487.0,,2921030.32,MCB Internet Banking Document (35).csv
18/09/2023,18/09/2023,Retrait sur GAB confrere  603390 FT23261126MK\BNK  BNI LA CITY ALAROBIA,Retrait,50000.0,,2871030.32,MCB Internet Banking Document (35).csv
18/09/2023,18/09/2023,DB vente carte confrere  744530 FT23261K0XD3\BNK  PIZZAMANIA A MY,Paiement carte,30000.0,,2841030.32,MCB Internet Banking Document (35).csv
21/09/2023,21/09/2023,Retrait sur GAB confrere  377090 FT23264F9BDC\BNK  BNI BNI AMPASAMPITO,Retrait,40000.0,,2801030.32,MCB Internet Banking Document (34).csv
21/09/2023,21/09/2023,DB vente carte confrere  380150 FT23264YQC2M\BNK  STATION JOVENA TATSINAN,Paiement carte,290000.0,,2511030.32,MCB Internet Banking Document (34).csv
21/09/2023,21/09/2023,Retrait sur GAB confrere  479740 FT23264CK4GF\BNK  BOAMGXB-GAB-01- ANALAMAH,Retrait,400000.0,,2111030.32,MCB Internet Banking Document (34).csv
21/09/2023,21/09/2023,Retrait sur GAB confrere  536150 FT23264156T5\BNK  BNI TANA WATER FRONT,Retrait,300000.0,,1811030.32,MCB Internet Banking Document (34).csv
21/09/2023,21/09/2023,Retrait sur GAB confrere  377090 FT23264F9BDC\BNK  BNI BNI AMPASAMPITO,Retrait,40000.0,,2801030.32,MCB Internet Banking Document (35).csv
21/09/2023,21/09/2023,DB vente carte confrere  380150 FT23264YQC2M\BNK  STATION JOVENA TATSINAN,Paiement carte,290000.0,,2511030.32,MCB Internet Banking Document (35).csv
21/09/2023,21/09/2023,Retrait sur GAB confrere  479740 FT23264CK4GF\BNK  BOAMGXB-GAB-01- ANALAMAH,Retrait,400000.0,,2111030.32,MCB Internet Banking Document (35).csv
21/09/2023,21/09/2023,Retrait sur GAB confrere  536150 FT23264156T5\BNK  BNI TANA WATER FRONT,Retrait,300000.0,,1811030.32,MCB Internet Banking Document (35).csv
22/09/2023,22/09/2023,Retrait sur GAB confrere  440070 FT23265DFZD5\BNK  SGMADA Mahazo,Retrait,150000.0,,1661030.32,MCB Internet Banking Document (34).csv
22/09/2023,22/09/2023,Retrait sur GAB confrere  440070 FT23265DFZD5\BNK  SGMADA Mahazo,Retrait,150000.0,,1661030.32,MCB Internet Banking Document (35).csv
26/09/2023,26/09/2023,DB vente carte etrangere  775140 FT232694S6FR\BNK  CONTABO.COM,Paiement carte,226869.59,,1434160.73,MCB Internet Banking Document (34).csv
26/09/2023,26/09/2023,Retrait sur GAB confrere  340390 FT232694QL2X\BNK  SGMADA Agence MAHAZO,Retrait,400000.0,,1034160.73,MCB Internet Banking Document (34).csv
26/09/2023,26/09/2023,DB vente carte etrangere  775140 FT232694S6FR\BNK  CONTABO.COM,Paiement carte,226869.59,,1434160.73,MCB Internet Banking Document (35).csv
26/09/2023,26/09/2023,Retrait sur GAB confrere  340390 FT232694QL2X\BNK  SGMADA Agence MAHAZO,Retrait,400000.0,,1034160.73,MCB Internet Banking Document (35).csv
28/09/2023,28/09/2023,Retrait sur GAB confrere  768570 FT23271YVJTJ\BNK  BNI BNI ANTSAKAVIRO,Retrait,20000.0,,1014160.73,MCB Internet Banking Document (34).csv
28/09/2023,28/09/2023,Retrait sur GAB confrere  486860 FT23271MT9CP\BNK  BNI BNIANALAMAHITSY,Retrait,200000.0,,814160.73,MCB Internet Banking Document (34).csv
28/09/2023,28/09/2023,Retrait sur GAB confrere  768570 FT23271YVJTJ\BNK  BNI BNI ANTSAKAVIRO,Retrait,20000.0,,1014160.73,MCB Internet Banking Document (35).csv
28/09/2023,28/09/2023,Retrait sur GAB confrere  486860 FT23271MT9CP\BNK  BNI BNIANALAMAHITSY,Retrait,200000.0,,814160.73,MCB Internet Banking Document (35).csv
29/09/2023,01/10/2023,TVA 1079646.FRAIS.TENUE.COMPTE.MGA10 000.20230930,Frais bancaires,2000.0,,812160.73,MCB Internet Banking Document (34).csv
29/09/2023,01/10/2023,Frais Tenue de compte 1079646.FRAIS.TENUE.COMPTE.MGA10 000.20230930,Frais bancaires,10000.0,,802160.73,MCB Internet Banking Document (34).csv
29/09/2023,01/10/2023,TVA 1079646.FRAIS.TENUE.COMPTE.MGA10 000.20230930,Frais bancaires,2000.0,,812160.73,MCB Internet Banking Document (35).csv
29/09/2023,01/10/2023,Frais Tenue de compte 1079646.FRAIS.TENUE.COMPTE.MGA10 000.20230930,Frais bancaires,10000.0,,802160.73,MCB Internet Banking Document (35).csv
02/10/2023,02/10/2023,DB vente carte etrangere  275920 FT23275F3Q3Z\BNK  SPOTIFY AB,Paiement carte,13900.39,,788260.34,MCB Internet Banking Document (36).csv
02/10/2023,02/10/2023,DB vente carte etrangere  738310 FT23275D1P7T\BNK  FIGMA,Paiement carte,69734.38,,718525.96,MCB Internet Banking Document (36).csv
02/10/2023,02/10/2023,Retrait sur GAB confrere  279250 FT23275518WM\BNK  SGMADA Agence MAHAZO,Retrait,120000.0,,598525.96,MCB Internet Banking Document (36).csv
02/10/2023,02/10/2023,DB vente carte etrangere  365570 FT23275QCH5D\BNK  SmartGlocal,Paiement carte,49367.29,,549158.67,MCB Internet Banking Document (36).csv
02/10/2023,02/10/2023,Retrait sur GAB confrere  712260 FT23275ZP9KR\BNK  SGMADA Mahazo 2,Retrait,140000.0,,409158.67,MCB Internet Banking Document (36).csv
03/10/2023,03/10/2023,Virement recus Banque Confrere BUSINESS PERFORMANCE OFFICE FT23276G9C4M\BNK   Facture 09 2023,Autre revenu,,1729000.0,2138158.67,MCB Internet Banking Document (36).csv
04/10/2023,04/10/2023,DB vente carte confrere  304140 FT23277MMCZH\BNK  SOCIETE LIANTSOA,Paiement carte,55600.0,,2082558.67,MCB Internet Banking Document (36).csv
04/10/2023,04/10/2023,Retrait sur GAB confrere  305910 FT23277T2LTP\BNK  SGMADA Mahazo 2,Retrait,50000.0,,2032558.67,MCB Internet Banking Document (36).csv
04/10/2023,04/10/2023,Retrait sur GAB confrere  323160 FT232772V5PY\BNK  SGMADA Agence MAHAZO,Retrait,50000.0,,1982558.67,MCB Internet Banking Document (36).csv
04/10/2023,04/10/2023,Retrait sur GAB confrere  408860 FT23277PRW5S\BNK  SGMADA Mahazo,Retrait,400000.0,,1582558.67,MCB Internet Banking Document (36).csv
05/10/2023,05/10/2023,Retrait sur GAB confrere  334100 FT23278RJ0DK\BNK  SGMADA Mahazo,Retrait,400000.0,,1182558.67,MCB Internet Banking Document (36).csv
05/10/2023,05/10/2023,DB vente carte confrere  473800 FT23278P6HYB\BNK  STATION JOVENA TATSINAN,Paiement carte,100000.0,,1082558.67,MCB Internet Banking Document (36).csv
06/10/2023,06/10/2023,Retrait sur GAB confrere  307440 FT232797JHGG\BNK  BNI TANA WATER FRONT,Retrait,200000.0,,882558.67,MCB Internet Banking Document (36).csv
09/10/2023,09/10/2023,Retrait sur GAB confrere  740100 FT23282TYSWF\BNK  SGMADA Mahazo,Retrait,50000.0,,832558.67,MCB Internet Banking Document (36).csv
09/10/2023,09/10/2023,Retrait sur GAB confrere  282570 FT23282ZDK3P\BNK  MAHAZO,Retrait,300000.0,,532558.67,MCB Internet Banking Document (36).csv
09/10/2023,09/10/2023,Retrait sur GAB confrere  332340 FT23282D666H\BNK  SGMADA Mahazo,Retrait,150000.0,,382558.67,MCB Internet Banking Document (36).csv
10/10/2023,09/10/2023,Frais de virement FT232830LN1S\BNK,Frais bancaires,2000.0,,380558.67,MCB Internet Banking Document (36).csv
10/10/2023,09/10/2023,TVA FT232830LN1S\BNK,Frais bancaires,400.0,,380158.67,MCB Internet Banking Document (36).csv
10/10/2023,09/10/2023,Prelevement automatic -DR DD INTERMEDIATARY FT232830LN1S\BNK   TELMA S.A F2310098654,Autre revenu,,249000.0,131158.67,MCB Internet Banking Document (36).csv
11/10/2023,11/10/2023,Retrait sur GAB confrere  527420 FT23284B5LGL\BNK  BOAMGXB-GAB-1- AMPANDRAN,Retrait,50000.0,,81158.67,MCB Internet Banking Document (36).csv
17/10/2023,17/10/2023,DB vente carte confrere  626530 FT2329026G98\BNK  SOCIETE LIANTSOA,Paiement carte,10000.0,,71158.67,MCB Internet Banking Document (36).csv
18/10/2023,18/10/2023,Retrait sur GAB confrere  660170 FT23291281H5\BNK  SGMADA Mahazo 2,Retrait,40000.0,,31158.67,MCB Internet Banking Document (36).csv
24/10/2023,24/10/2023,Retrait sur GAB confrere  325850 FT23297YL1CH\BNK  SGMADA Agence MAHAZO,Retrait,20000.0,,11158.67,MCB Internet Banking Document (36).csv
31/10/2023,01/11/2023,TVA 1079646.FRAIS.TENUE.COMPTE.MGA10 000.20231031,Frais bancaires,2000.0,,9158.67,MCB Internet Banking Document (36).csv
03/11/2023,03/11/2023,Virement recus Banque Confrere BUSINESS PERFORMANCE OFFICE FT23307PP92Y\BNK   Facture Octobre 2023,Autre revenu,,2926000.0,2925158.67,MCB Internet Banking Document (37).csv
06/11/2023,06/11/2023,DB vente carte confrere  327000 FT23310FDLRN\BNK  STATION JOVENA TATSINAN,Paiement carte,50000.0,,2875158.67,MCB Internet Banking Document (37).csv
06/11/2023,06/11/2023,Retrait sur GAB confrere  569660 FT23310JG5RM\BNK  SGMADA Agence MAHAZO,Retrait,200000.0,,2675158.67,MCB Internet Banking Document (37).csv
06/11/2023,06/11/2023,DB vente carte etrangere  671910 FT23310GW2TT\BNK  SPOTIFY AB,Paiement carte,13836.74,,2661321.93,MCB Internet Banking Document (37).csv
06/11/2023,06/11/2023,Retrait sur GAB confrere  607840 FT23310L25CH\BNK  BOAMGXB-GAB-02- SABOTSY,Retrait,100000.0,,2561321.93,MCB Internet Banking Document (37).csv
06/11/2023,06/11/2023,DB vente carte etrangere  777630 FT23310ZV5PS\BNK  FIGMA,Paiement carte,69415.12,,2491906.81,MCB Internet Banking Document (37).csv
06/11/2023,06/11/2023,Retrait sur GAB confrere  208010 FT23310WGMDX\BNK  SGMADA Mahazo,Retrait,260000.0,,2231906.81,MCB Internet Banking Document (37).csv
06/11/2023,06/11/2023,Retrait sur GAB confrere  342510 FT23310563C7\BNK  SGMADA Mahazo,Retrait,300000.0,,1931906.81,MCB Internet Banking Document (37).csv
06/11/2023,06/11/2023,Retrait sur GAB confrere  601310 FT23310S1P74\BNK  SGMADA Agence MAHAZO,Retrait,250000.0,,1681906.81,MCB Internet Banking Document (37).csv
06/11/2023,06/11/2023,Retrait sur GAB confrere  606990 FT23310JZJNS\BNK  SGMADA Agence MAHAZO,Retrait,500000.0,,1181906.81,MCB Internet Banking Document (37).csv
09/11/2023,09/11/2023,Retrait sur GAB confrere  257640 FT233139XGQV\BNK  SGMADA Agence MAHAZO,Retrait,100000.0,,1081906.81,MCB Internet Banking Document (37).csv
09/11/2023,09/11/2023,Retrait sur GAB confrere  258260 FT233139M4ZS\BNK  SGMADA Agence MAHAZO,Retrait,50000.0,,1031906.81,MCB Internet Banking Document (37).csv
13/11/2023,13/11/2023,Retrait sur GAB confrere  439480 FT23317DVNJV\BNK  SGMADA Ampefiloha 1,Retrait,50000.0,,981906.81,MCB Internet Banking Document (37).csv
13/11/2023,13/11/2023,DB vente carte confrere  486400 FT23317FF3M5\BNK  STATION JOVENA AMBOHIMA,Paiement carte,50000.0,,931906.81,MCB Internet Banking Document (37).csv
13/11/2023,13/11/2023,Retrait sur GAB confrere  540770 FT233173Q0Q8\BNK  BNI CMT AMBOHIMANGAKELY,Retrait,50000.0,,881906.81,MCB Internet Banking Document (37).csv
14/11/2023,13/11/2023,Frais de virement FT2331861HZQ\BNK,Frais bancaires,2000.0,,879906.81,MCB Internet Banking Document (37).csv
14/11/2023,13/11/2023,TVA FT2331861HZQ\BNK,Frais bancaires,400.0,,879506.81,MCB Internet Banking Document (37).csv
14/11/2023,13/11/2023,Prelevement automatic -DR DD INTERMEDIATARY FT2331861HZQ\BNK   TELMA S.A F2311159385,Autre revenu,,249000.0,630506.81,MCB Internet Banking Document (37).csv
14/11/2023,14/11/2023,Retrait sur GAB confrere  424750 FT233183WHXB\BNK  SGMADA Agence MAHAZO,Retrait,300000.0,,330506.81,MCB Internet Banking Document (37).csv
14/11/2023,14/11/2023,Retrait sur GAB confrere  636910 FT23318XBTCP\BNK  SGMADA Agence MAHAZO,Retrait,50000.0,,280506.81,MCB Internet Banking Document (37).csv
17/11/2023,17/11/2023,Retrait sur GAB confrere  469510 FT23321KYLHH\BNK  BNI BNIANALAMAHITSY,Retrait,50000.0,,230506.81,MCB Internet Banking Document (37).csv
20/11/2023,20/11/2023,Retrait sur GAB confrere  425610 FT23324GJP6Y\BNK  SGMADA Bankin tsika,Retrait,150000.0,,80506.81,MCB Internet Banking Document (37).csv
21/11/2023,21/11/2023,Retrait sur GAB confrere  700090 FT233252QD04\BNK  SGMADA Mahazo,Retrait,30000.0,,50506.81,MCB Internet Banking Document (37).csv
24/11/2023,24/11/2023,Retrait sur GAB confrere  634760 FT23328KW520\BNK  SGMADA Agence MAHAZO,Retrait,30000.0,,20506.81,MCB Internet Banking Document (37).csv
30/11/2023,01/12/2023,TVA 1079646.FRAIS.TENUE.COMPTE.MGA10 000.20231130,Frais bancaires,2000.0,,18506.81,MCB Internet Banking Document (37).csv
30/11/2023,01/12/2023,Frais Tenue de compte 1079646.FRAIS.TENUE.COMPTE.MGA10 000.20231130,Frais bancaires,10000.0,,8506.81,MCB Internet Banking Document (37).csv
04/12/2023,04/12/2023,Virement recus Banque Confrere BUSINESS PERFORMANCE OFFICE FT23338BDZ69\BNK   Facture Novembre 2023,Autre revenu,,2940000.0,2948506.81,MCB Internet Banking Document (38).csv
04/12/2023,04/12/2023,DB vente carte etrangere  610990 FT23338FHJG5\BNK  SPOTIFY AB,Paiement carte,13849.5,,2934657.31,MCB Internet Banking Document (38).csv
04/12/2023,04/12/2023,JUICE Virement autre banque locale MANOHISOA FITAHIANOMENJANAHARY DEBO FT23338T1GH1\BNK   Acompte,Autre revenu,,700000.0,2234657.31,MCB Internet Banking Document (38).csv
04/12/2023,04/12/2023,Retrait sur GAB confrere  675610 FT2333820H7D\BNK  SGMADA Agence MAHAZO,Retrait,200000.0,,2034657.31,MCB Internet Banking Document (38).csv
05/12/2023,05/12/2023,Retrait sur GAB confrere  711550 FT23339C3K5T\BNK  BOAMGXB-GAB-1- MAHAZO,Retrait,50000.0,,1984657.31,MCB Internet Banking Document (38).csv
06/12/2023,06/12/2023,Retrait sur GAB confrere  474080 FT23340T1HPF\BNK  SGMADA Agence MAHAZO,Retrait,350000.0,,1634657.31,MCB Internet Banking Document (38).csv
07/12/2023,07/12/2023,Retrait sur GAB confrere  306260 FT23341RVRKH\BNK  BNI BNI ANTANINARENINA,Retrait,200000.0,,1434657.31,MCB Internet Banking Document (38).csv
07/12/2023,07/12/2023,Retrait sur GAB confrere  306680 FT23341650PJ\BNK  BNI BNI ANTANINARENINA,Retrait,200000.0,,1234657.31,MCB Internet Banking Document (38).csv
07/12/2023,07/12/2023,Retrait sur GAB confrere  308290 FT23341ST7GM\BNK  BNI BNI ANTANINARENINA,Retrait,200000.0,,1034657.31,MCB Internet Banking Document (38).csv
07/12/2023,07/12/2023,Retrait sur GAB confrere  308870 FT23341VTKSP\BNK  BNI BNI ANTANINARENINA,Retrait,200000.0,,834657.31,MCB Internet Banking Document (38).csv
12/12/2023,11/12/2023,Frais de virement FT2334662TB7\BNK,Frais bancaires,2000.0,,832657.31,MCB Internet Banking Document (38).csv
12/12/2023,11/12/2023,TVA FT2334662TB7\BNK,Frais bancaires,400.0,,832257.31,MCB Internet Banking Document (38).csv
12/12/2023,11/12/2023,Prelevement automatic -DR DD INTERMEDIATARY FT2334662TB7\BNK   TELMA S.A F2312230774,Autre revenu,,249000.0,583257.31,MCB Internet Banking Document (38).csv
14/12/2023,14/12/2023,Virement recus Banque Confrere  RIAKE FT23348DFH9J\BNK   Acompte Fenohery,Riake,,300000.0,883257.31,MCB Internet Banking Document (38).csv
14/12/2023,14/12/2023,Retrait sur GAB confrere  644330 FT23348J4RXR\BNK  SGMADA Mahazo 2,Retrait,50000.0,,833257.31,MCB Internet Banking Document (38).csv
18/12/2023,18/12/2023,Retrait sur GAB confrere  700670 FT23352H8C51\BNK  SGMADA Agence MAHAZO,Retrait,50000.0,,783257.31,MCB Internet Banking Document (38).csv
18/12/2023,18/12/2023,DB vente carte confrere  461130 FT23352GJQ1D\BNK RASOAMIARAMANANA LOVASO,Paiement carte,35000.0,,748257.31,MCB Internet Banking Document (38).csv
18/12/2023,18/12/2023,Retrait sur GAB confrere  490530 FT23352LD1X0\BNK  BOAMGXB-GAB- EXT SIEGE,Retrait,100000.0,,648257.31,MCB Internet Banking Document (38).csv
18/12/2023,18/12/2023,Retrait sur GAB confrere  REV FT23352Q6PNT\BNK   490650 BOAMGXB- GAB-EXT SIEGE,Retrait,100000.0,,748257.31,MCB Internet Banking Document (38).csv
18/12/2023,18/12/2023,Retrait sur GAB confrere  491240 FT23352S1SDV\BNK  BOAMGXB-GAB-02- EXT SIEG,Retrait,100000.0,,648257.31,MCB Internet Banking Document (38).csv
18/12/2023,18/12/2023,Retrait sur GAB confrere  493520 FT23352VWGNL\BNK  BNI BNI GALAXY ANDRAHAR,Retrait,100000.0,,548257.31,MCB Internet Banking Document (38).csv
19/12/2023,19/12/2023,DB vente carte etrangere  280580 FT23353ZL8JW\BNK  CONTABO.COM,Paiement carte,65849.73,,482407.58,MCB Internet Banking Document (38).csv
26/12/2023,26/12/2023,Retrait sur GAB confrere  412710 FT2336027HY9\BNK  SGMADA Mahazo,Retrait,50000.0,,432407.58,MCB Internet Banking Document (38).csv
27/12/2023,27/12/2023,Retrait sur GAB confrere  411070 FT23361SB03C\BNK  SGMADA Mahazo 2,Retrait,50000.0,,382407.58,MCB Internet Banking Document (38).csv
29/12/2023,01/01/2024,TVA 1079646.FRAIS.TENUE.COMPTE.MGA10 000.20231231,Frais bancaires,2000.0,,380407.58,MCB Internet Banking Document (38).csv
29/12/2023,01/01/2024,Frais Tenue de compte 1079646.FRAIS.TENUE.COMPTE.MGA10 000.20231231,Frais bancaires,10000.0,,370407.58,MCB Internet Banking Document (38).csv
02/01/2024,02/01/2024,DB vente carte etrangere  275980 FT24002Q367Q\BNK  SPOTIFY AB,Paiement carte,14076.63,,356330.95,MCB Internet Banking Document (13).csv
08/01/2024,08/01/2024,Virement recus Banque Confrere MADINTEX GROUPE SA FT240087C087\BNK   2EME ACOMPTE S FACTURE,Autre revenu,,3217081.0,3573411.95,MCB Internet Banking Document (13).csv
10/01/2024,10/01/2024,JUICE Virement autre banque locale RASOLONIRINA MAMPIONONA IRIS FT24010RXX97\BNK   Mihaja,Autre revenu,,1000000.0,2573411.95,MCB Internet Banking Document (13).csv
10/01/2024,10/01/2024,Retrait sur GAB confrere  593030 FT24010XCFML\BNK  SGMADA Mahazo,Retrait,200000.0,,2373411.95,MCB Internet Banking Document (13).csv
11/01/2024,10/01/2024,Frais de virement FT240118SWQQ\BNK,Frais bancaires,2000.0,,2371411.95,MCB Internet Banking Document (13).csv
11/01/2024,10/01/2024,TVA FT240118SWQQ\BNK,Frais bancaires,400.0,,2371011.95,MCB Internet Banking Document (13).csv
11/01/2024,10/01/2024,Prelevement automatic -DR DD INTERMEDIATARY FT240118SWQQ\BNK   TELMA S.A F2401294699,Autre revenu,,249000.0,2122011.95,MCB Internet Banking Document (13).csv
11/01/2024,11/01/2024,Retrait sur GAB confrere  572120 FT240110H0HJ\BNK  SGMADA Agence MAHAZO,Retrait,300000.0,,1822011.95,MCB Internet Banking Document (13).csv
12/01/2024,12/01/2024,Retrait sur GAB confrere  635130 FT24012ZG3YB\BNK  BNI BNI ANTSAKAVIRO,Retrait,250000.0,,1572011.95,MCB Internet Banking Document (13).csv
15/01/2024,15/01/2024,DB vente carte confrere  578280 FT24015GZR1L\BNK  STATION JOVENA TAKARIVA,Paiement carte,20000.0,,1552011.95,MCB Internet Banking Document (13).csv
15/01/2024,15/01/2024,Retrait sur GAB confrere  408490 FT240153KP14\BNK  SGMADA Mahazo,Retrait,400000.0,,1152011.95,MCB Internet Banking Document (13).csv
15/01/2024,15/01/2024,Retrait sur GAB confrere  409370 FT24015T4R68\BNK  SGMADA Mahazo,Retrait,150000.0,,1002011.95,MCB Internet Banking Document (13).csv
15/01/2024,15/01/2024,Virement recus Banque Confrere MADAGASCAR OIL FT24015YY5BS\BNK   EN FAVEUR DE DIVERS,Autre revenu,,5549500.0,6551511.95,MCB Internet Banking Document (13).csv
16/01/2024,16/01/2024,DB vente carte confrere  519620 FT24016R8SLK\BNK  STATION JOVENA TATSINAN,Paiement carte,20000.0,,6531511.95,MCB Internet Banking Document (13).csv
16/01/2024,16/01/2024,Retrait sur GAB confrere  552110 FT240164JTX4\BNK  BNI BNI ANTSAKAVIRO,Retrait,800000.0,,5731511.95,MCB Internet Banking Document (13).csv
16/01/2024,16/01/2024,Retrait sur GAB confrere  552820 FT24016PHNRR\BNK  BNI BNI ANTSAKAVIRO,Retrait,800000.0,,4931511.95,MCB Internet Banking Document (13).csv
16/01/2024,16/01/2024,Retrait sur GAB confrere  553530 FT2401656YZK\BNK  BNI BNI ANTSAKAVIRO,Retrait,800000.0,,4131511.95,MCB Internet Banking Document (13).csv
16/01/2024,16/01/2024,Retrait sur GAB confrere  649900 FT2401690CFY\BNK  BNI TANA WATER FRONT,Retrait,100000.0,,4031511.95,MCB Internet Banking Document (13).csv
17/01/2024,17/01/2024,Retrait en especes  LUI MEME TT24017T3M3P  BESOIN PERSONNEL,Retrait,2800000.0,,1231511.95,MCB Internet Banking Document (13).csv
19/01/2024,19/01/2024,DB vente carte etrangere  289600 FT24019SQNVQ\BNK  CONTABO.COM,Paiement carte,65474.82,,1166037.13,MCB Internet Banking Document (13).csv
19/01/2024,19/01/2024,Retrait sur GAB confrere  666390 FT24019JFYN4\BNK  SGMADA Agence MAHAZO,Retrait,100000.0,,1066037.13,MCB Internet Banking Document (13).csv
22/01/2024,22/01/2024,DB vente carte confrere  563270 FT240222P7N3\BNK  STATION JOVENA TATSINAN,Paiement carte,20000.0,,1046037.13,MCB Internet Banking Document (13).csv
22/01/2024,22/01/2024,Retrait sur GAB confrere  582300 FT2402244VYH\BNK  BNI BNIANALAMAHITSY,Retrait,100000.0,,946037.13,MCB Internet Banking Document (13).csv
22/01/2024,22/01/2024,DB vente carte confrere  478550 FT24022G614L\BNK  STATION JOVENA TATSINAN,Paiement carte,55000.0,,891037.13,MCB Internet Banking Document (13).csv
23/01/2024,23/01/2024,DB vente carte etrangere  817770 FT24023T6CP1\BNK  GOOGLE DOMAINS,Paiement carte,61086.3,,829950.83,MCB Internet Banking Document (13).csv
23/01/2024,23/01/2024,Retrait sur GAB confrere  672270 FT240233C1PS\BNK  SGMADA Mahazo,Retrait,120000.0,,709950.83,MCB Internet Banking Document (13).csv
26/01/2024,26/01/2024,DB vente carte confrere  520080 FT24026GT2SS\BNK  STATION JOVENA TATSINAN,Paiement carte,20000.0,,689950.83,MCB Internet Banking Document (13).csv
26/01/2024,26/01/2024,Retrait sur GAB confrere  688110 FT240268C63L\BNK  BNI BNI AMPASAMPITO,Retrait,100000.0,,589950.83,MCB Internet Banking Document (13).csv
30/01/2024,30/01/2024,Retrait sur GAB confrere  657900 FT24030VDF3D\BNK  SGMADA Agence MAHAZO,Retrait,20000.0,,569950.83,MCB Internet Banking Document (13).csv
31/01/2024,01/02/2024,TVA 1079646.FRAIS.TENUE.COMPTE.MGA10 000.20240131,Frais bancaires,2000.0,,567950.83,MCB Internet Banking Document (13).csv
31/01/2024,01/02/2024,Frais Tenue de compte 1079646.FRAIS.TENUE.COMPTE.MGA10 000.20240131,Frais bancaires,10000.0,,557950.83,MCB Internet Banking Document (13).csv
01/02/2024,01/02/2024,DB vente carte etrangere  275970 FT240325Z16W\BNK  SPOTIFY AB,Paiement carte,13945.52,,544005.31,MCB Internet Banking Document (14).csv
02/02/2024,02/02/2024,Retrait sur GAB confrere  265330 FT24033R9PQB\BNK  SGMADA Mahazo 2,Retrait,50000.0,,494005.31,MCB Internet Banking Document (14).csv
05/02/2024,05/02/2024,Retrait sur GAB confrere  661800 FT24036JXGG8\BNK  SGMADA Agence MAHAZO,Retrait,50000.0,,444005.31,MCB Internet Banking Document (14).csv
06/02/2024,06/02/2024,DB vente carte confrere  313110 FT240371DDRV\BNK  STATION JOVENA TATSINAN,Paiement carte,20000.0,,424005.31,MCB Internet Banking Document (14).csv
07/02/2024,07/02/2024,DB vente carte confrere  473880 FT240383K40C\BNK  STATION JOVENA TATSINAN,Paiement carte,20000.0,,404005.31,MCB Internet Banking Document (14).csv
08/02/2024,08/02/2024,Retrait sur GAB confrere  561360 FT24039150XH\BNK  SGMADA Agence MAHAZO,Retrait,50000.0,,354005.31,MCB Internet Banking Document (14).csv
12/02/2024,09/02/2024,Frais de virement FT24043LRKZ8\BNK,Frais bancaires,2000.0,,352005.31,MCB Internet Banking Document (14).csv
12/02/2024,09/02/2024,TVA FT24043LRKZ8\BNK,Frais bancaires,400.0,,351605.31,MCB Internet Banking Document (14).csv
12/02/2024,09/02/2024,Prelevement automatic -DR DD INTERMEDIATARY FT24043LRKZ8\BNK   TELMA S.A F2402365430,Autre revenu,,249000.0,102605.31,MCB Internet Banking Document (14).csv
15/02/2024,15/02/2024,Retrait sur GAB confrere  470240 FT24046YVB28\BNK  BNI BNI AMPASAMPITO,Retrait,20000.0,,82605.31,MCB Internet Banking Document (14).csv
15/02/2024,15/02/2024,Virement recus Banque Confrere  RIAKE FT240468TKTW\BNK   Paiement RIAKE,Riake,,700000.0,782605.31,MCB Internet Banking Document (14).csv
15/02/2024,15/02/2024,Retrait sur GAB confrere  675300 FT24046B67W0\BNK  BNI BNI AMPASAMPITO,Retrait,50000.0,,732605.31,MCB Internet Banking Document (14).csv
15/02/2024,15/02/2024,DB vente carte confrere  676290 FT24046VFP9L\BNK  STATION JOVENA TATSINAN,Paiement carte,20000.0,,712605.31,MCB Internet Banking Document (14).csv
16/02/2024,16/02/2024,Retrait sur GAB confrere  554700 FT2404798VNK\BNK  SGMADA Agence MAHAZO,Retrait,100000.0,,612605.31,MCB Internet Banking Document (14).csv
16/02/2024,16/02/2024,DB vente carte confrere  652900 FT24047W3VB9\BNK  STATION JOVENA TATSINAN,Paiement carte,20000.0,,592605.31,MCB Internet Banking Document (14).csv
19/02/2024,19/02/2024,DB vente carte confrere  433300 FT24050LRDR5\BNK  STATION JOVENA AMBOHIMA,Paiement carte,50000.0,,542605.31,MCB Internet Banking Document (14).csv
19/02/2024,19/02/2024,DB vente carte etrangere  282990 FT24050RMFCD\BNK  CONTABO.COM,Paiement carte,65353.96,,477251.35,MCB Internet Banking Document (14).csv
21/02/2024,21/02/2024,Retrait sur GAB confrere  377000 FT24052RP16M\BNK  MAHAZO,Retrait,50000.0,,427251.35,MCB Internet Banking Document (14).csv
22/02/2024,22/02/2024,DB vente carte etrangere  507330 FT24053M473K\BNK  Netflix.com,Paiement carte,18624.24,,408627.11,MCB Internet Banking Document (14).csv
23/02/2024,23/02/2024,Retrait sur GAB confrere  420820 FT24054SLNRL\BNK  BNI BNI AMPASAMPITO,Retrait,50000.0,,358627.11,MCB Internet Banking Document (14).csv
26/02/2024,26/02/2024,Retrait sur GAB confrere  374350 FT240572GWXL\BNK  BNI STATION TOTAL BY PA,Retrait,50000.0,,308627.11,MCB Internet Banking Document (14).csv
28/02/2024,28/02/2024,DB vente carte confrere  348930 FT24059MST3R\BNK  STATION JOVENA TATSINAN,Paiement carte,40000.0,,268627.11,MCB Internet Banking Document (14).csv
29/02/2024,01/03/2024,TVA 1079646.FRAIS.TENUE.COMPTE.MGA10 000.20240229,Frais bancaires,2000.0,,266627.11,MCB Internet Banking Document (14).csv
29/02/2024,01/03/2024,Frais Tenue de compte 1079646.FRAIS.TENUE.COMPTE.MGA10 000.20240229,Frais bancaires,10000.0,,256627.11,MCB Internet Banking Document (14).csv
01/03/2024,01/03/2024,DB vente carte etrangere  275990 FT240612LBV2\BNK  SPOTIFY AB,Paiement carte,13888.6,,242738.51,MCB Internet Banking Document (15).csv
04/03/2024,04/03/2024,Retrait sur GAB confrere  232640 FT24064QL6B7\BNK  BNI BNI AMPASAMPITO,Retrait,140000.0,,102738.51,MCB Internet Banking Document (15).csv
04/03/2024,04/03/2024,DB vente carte confrere  452780 FT24064M5YYP\BNK  STATION JOVENA TATSINAN,Paiement carte,20000.0,,82738.51,MCB Internet Banking Document (15).csv
08/03/2024,08/03/2024,DB vente carte confrere  489140 FT24068RZRZV\BNK  STATION JOVENA TATSINAN,Paiement carte,20000.0,,62738.51,MCB Internet Banking Document (15).csv
13/03/2024,13/03/2024,Virement recus Banque Confrere  RIAKE FT24073Z9HWT\BNK   Paiement RIAKE,Riake,,360000.0,422738.51,MCB Internet Banking Document (15).csv
13/03/2024,13/03/2024,Frais de virement FT24073MHTJ6\BNK,Frais bancaires,2000.0,,420738.51,MCB Internet Banking Document (15).csv
13/03/2024,13/03/2024,TVA FT24073MHTJ6\BNK,Frais bancaires,400.0,,420338.51,MCB Internet Banking Document (15).csv
13/03/2024,13/03/2024,Prelevement -DR  F2403441121 FT24073MHTJ6\BNK,Autre revenu,,249000.0,171338.51,MCB Internet Banking Document (15).csv
18/03/2024,18/03/2024,Retrait sur GAB confrere  440600 FT24078VPVM2\BNK  SGMADA Mahazo 2,Retrait,100000.0,,71338.51,MCB Internet Banking Document (15).csv
18/03/2024,18/03/2024,DB vente carte confrere  498970 FT24078QGK54\BNK  STATION JOVENA TATSINAN,Paiement carte,20000.0,,51338.51,MCB Internet Banking Document (15).csv
20/03/2024,20/03/2024,DB vente carte etrangere  696010 FT24080SCNP6\BNK  FACEBK JFADY2LYR2,Paiement carte,9223.73,,42114.78,MCB Internet Banking Document (15).csv
21/03/2024,21/03/2024,DB vente carte etrangere  281750 FT240817BN4R\BNK  FACEBK FNSBXZ7ZR2,Paiement carte,9176.07,,32938.71,MCB Internet Banking Document (15).csv
21/03/2024,21/03/2024,DB vente carte etrangere  510090 FT24081088XV\BNK  FACEBK QACN234ZR2,Paiement carte,9176.07,,23762.64,MCB Internet Banking Document (15).csv
21/03/2024,21/03/2024,Virement recus Banque Confrere  RIAKE FT240816KQW9\BNK   Paiement RIAKE Suite Meristheme,Riake,,200000.0,223762.64,MCB Internet Banking Document (15).csv
21/03/2024,21/03/2024,DB vente carte etrangere  698360 FT24081JVSLG\BNK  FACEBK GUZW234ZR2,Paiement carte,9176.07,,214586.57,MCB Internet Banking Document (15).csv
22/03/2024,22/03/2024,DB vente carte etrangere  204460 FT24082ZJ266\BNK  FACEBK 2AW6H3YYR2,Paiement carte,9115.69,,205470.88,MCB Internet Banking Document (15).csv
22/03/2024,22/03/2024,DB vente carte etrangere  285840 FT24082S4ZN1\BNK  CONTABO.COM,Paiement carte,63764.25,,141706.63,MCB Internet Banking Document (15).csv
22/03/2024,22/03/2024,DB vente carte etrangere  440730 FT24082HDHNJ\BNK  FACEBK LF26N2UYR2,Paiement carte,9115.69,,132590.94,MCB Internet Banking Document (15).csv
22/03/2024,22/03/2024,DB vente carte etrangere  645010 FT2408281W21\BNK  FACEBK FG4J23LYR2,Paiement carte,9115.69,,123475.25,MCB Internet Banking Document (15).csv
25/03/2024,25/03/2024,DB vente carte etrangere  792500 FT24085V1ZL3\BNK  FACEBK NT37ZZ7ZR2,Paiement carte,9115.69,,114359.56,MCB Internet Banking Document (15).csv
25/03/2024,25/03/2024,Retrait sur GAB confrere  662090 FT24085NV6NF\BNK  MAHAZO,Retrait,30000.0,,84359.56,MCB Internet Banking Document (15).csv
26/03/2024,26/03/2024,DB vente carte etrangere  522620 FT240868ZMBQ\BNK  NAME-CHEAP.COM NB7PZQ,Paiement carte,23235.32,,61124.24,MCB Internet Banking Document (15).csv
28/03/2024,01/04/2024,TVA 1079646.FRAIS.TENUE.COMPTE.MGA10 000.20240331,Frais bancaires,2000.0,,59124.24,MCB Internet Banking Document (15).csv
28/03/2024,01/04/2024,Frais Tenue de compte 1079646.FRAIS.TENUE.COMPTE.MGA10 000.20240331,Frais bancaires,10000.0,,49124.24,MCB Internet Banking Document (15).csv
03/04/2024,03/04/2024,DB vente carte confrere  425850 FT240940ML6Y\BNK  STATION JOVENA TATSINAN,Paiement carte,20000.0,,29124.24,MCB Internet Banking Document (16).csv
08/04/2024,08/04/2024,Depot en especes  LUI MEME TT24099QDLVD,Autre revenu,,260000.0,289124.24,MCB Internet Banking Document (16).csv
09/04/2024,09/04/2024,DB vente carte confrere  351980 FT24100RY3YC\BNK  ROVACOM PRO SARL,Paiement carte,20000.0,,269124.24,MCB Internet Banking Document (16).csv
11/04/2024,11/04/2024,Transfer Wallet to Bank Mvola Wallet to FT24102CQ79F\BNK,Mvola (sortie),5000.0,,274124.24,MCB Internet Banking Document (16).csv
11/04/2024,11/04/2024,Transfer Wallet to Bank Mvola Wallet to FT241027KXMD\BNK,Mvola (sortie),760000.0,,1034124.24,MCB Internet Banking Document (16).csv
11/04/2024,11/04/2024,JUICE Virement autre banque locale RASOLONIRINA MAMPIONONA IRIS FT24102B17HK\BNK   Magileads,Autre revenu,,660000.0,374124.24,MCB Internet Banking Document (16).csv
11/04/2024,11/04/2024,Frais de virement FT241021SJ8Q\BNK,Frais bancaires,600.0,,373524.24,MCB Internet Banking Document (16).csv
11/04/2024,11/04/2024,TVA FT241021SJ8Q\BNK,Frais bancaires,120.0,,373404.24,MCB Internet Banking Document (16).csv
11/04/2024,11/04/2024,Transfer Bank to Wallet  MVOLA WALLET FT241021SJ8Q\BNK   Mvola Bank to Wallet,Mvola (sortie),120000.0,,253404.24,MCB Internet Banking Document (16).csv
12/04/2024,11/04/2024,Frais de virement FT24103WV9FR\BNK,Frais bancaires,2000.0,,251404.24,MCB Internet Banking Document (16).csv
12/04/2024,11/04/2024,TVA FT24103WV9FR\BNK,Frais bancaires,400.0,,251004.24,MCB Internet Banking Document (16).csv
12/04/2024,11/04/2024,Prelevement automatic -DR DD INTERMEDIATARY FT24103WV9FR\BNK   TELMA S.A F2404521080,Autre revenu,,249000.0,2004.24,MCB Internet Banking Document (16).csv
19/04/2024,19/04/2024,Transfer Wallet to Bank Mvola Wallet to FT24110SZ1DQ\BNK,Mvola (sortie),90000.0,,92004.24,MCB Internet Banking Document (16).csv
22/04/2024,22/04/2024,DB vente carte etrangere  250280 FT24113JLQ29\BNK  CONTABO.COM,Paiement carte,63352.98,,28651.26,MCB Internet Banking Document (16).csv
30/04/2024,01/05/2024,TVA 1079646.FRAIS.TENUE.COMPTE.MGA10 000.20240430,Frais bancaires,2000.0,,26651.26,MCB Internet Banking Document (16).csv
30/04/2024,01/05/2024,Frais Tenue de compte 1079646.FRAIS.TENUE.COMPTE.MGA10 000.20240430,Frais bancaires,10000.0,,16651.26,MCB Internet Banking Document (16).csv
06/05/2024,06/05/2024,Transfer Wallet to Bank Mvola Wallet to FT24127M95YR\BNK,Mvola (sortie),5000.0,,21651.26,MCB Internet Banking Document (17).csv
06/05/2024,06/05/2024,Virement recus Banque Confrere  RIAKE FT24127YQDB2\BNK   Acompte Mrway,Riake,,900000.0,921651.26,MCB Internet Banking Document (17).csv
07/05/2024,07/05/2024,Virement recus Banque Confrere  INNOVEO FT2412896VYK\BNK   OV INNOVEO 12 2024,Autre revenu,,876000.0,1797651.26,MCB Internet Banking Document (17).csv
07/05/2024,07/05/2024,Retrait sur GAB confrere  610130 FT24128MMFX4\BNK  SGMADA Agence MAHAZO,Retrait,400000.0,,1397651.26,MCB Internet Banking Document (17).csv
07/05/2024,07/05/2024,Re**DEMO** FT24128J3K3Y\BNK  SGMADA Agence MAHAZO,Autre revenu,,800000.0,597651.26,MCB Internet Banking Document (17).csv
10/05/2024,08/05/2024,Frais de virement FT24131X5GXW\BNK,Frais bancaires,5000.0,,592651.26,MCB Internet Banking Document (17).csv
10/05/2024,08/05/2024,TVA FT24131X5GXW\BNK,Frais bancaires,1000.0,,591651.26,MCB Internet Banking Document (17).csv
13/05/2024,13/05/2024,Transfer Bank to Wallet  MVOLA WALLET FT241342Q086\BNK   Mvola Bank to Wallet,Mvola (sortie),20000.0,,322651.26,MCB Internet Banking Document (17).csv
14/05/2024,14/05/2024,Transfer Bank to Wallet  MVOLA WALLET FT24135M1JJZ\BNK   Mvola Bank to Wallet,Mvola (sortie),21000.0,,301651.26,MCB Internet Banking Document (17).csv
21/05/2024,21/05/2024,DB vente carte etrangere  271950 FT24142NGQ35\BNK  CONTABO.COM,Paiement carte,63571.55,,228079.71,MCB Internet Banking Document (17).csv
21/05/2024,21/05/2024,Transfer Bank to Wallet  MVOLA WALLET FT24142T2ZKJ\BNK   Mvola Bank to Wallet,Mvola (sortie),5000.0,,223079.71,MCB Internet Banking Document (17).csv
21/05/2024,21/05/2024,Retrait sur GAB confrere  449710 FT24142KBVHD\BNK  SGMADA Dab Behoririka,Retrait,220000.0,,3079.71,MCB Internet Banking Document (17).csv
31/05/2024,01/06/2024,TVA 1079646.FRAIS.TENUE.COMPTE.MGA10 000.20240531,Frais bancaires,2000.0,,1079.71,MCB Internet Banking Document (17).csv
10/06/2024,10/06/2024,Transfer Wallet to Bank Mvola Wallet to FT24162Y217R\BNK,Mvola (sortie),270000.0,,261079.71,MCB Internet Banking Document (18).csv
10/06/2024,07/06/2024,Frais de virement FT24162M67XW\BNK,Frais bancaires,5000.0,,256079.71,MCB Internet Banking Document (18).csv
10/06/2024,07/06/2024,TVA FT24162M67XW\BNK,Frais bancaires,1000.0,,255079.71,MCB Internet Banking Document (18).csv
10/06/2024,07/06/2024,Prelevement automatic -DR DD INTERMEDIATARY FT24162M67XW\BNK   TELMA S.A F2406686500,Autre revenu,,249000.0,6079.71,MCB Internet Banking Document (18).csv
10/06/2024,07/06/2024,TVA FT24162BB28N\BNK,Frais bancaires,2400.0,,3679.71,MCB Internet Banking Document (18).csv
20/06/2024,20/06/2024,Virement recus Banque Confrere  RIAKE FT24172SRZV0\BNK   Reste MERISTHEME,Riake,,540000.0,531679.71,MCB Internet Banking Document (18).csv
21/06/2024,21/06/2024,Retrait sur GAB confrere  641990 FT24173J8RF4\BNK  MAHAZO,Retrait,50000.0,,481679.71,MCB Internet Banking Document (18).csv
24/06/2024,24/06/2024,DB vente carte etrangere  241570 FT24176BRMM6\BNK  CONTABO.COM,Paiement carte,64286.26,,417393.45,MCB Internet Banking Document (18).csv
24/06/2024,24/06/2024,Virement recus Banque Confrere  RIAKE FT24176FTSBF\BNK   Reste Meristheme,Riake,,100000.0,517393.45,MCB Internet Banking Document (18).csv
28/06/2024,01/07/2024,TVA 1079646.FRAIS.TENUE.COMPTE.MGA10 000.20240630,Frais bancaires,2000.0,,515393.45,MCB Internet Banking Document (18).csv
28/06/2024,01/07/2024,Frais Tenue de compte 1079646.FRAIS.TENUE.COMPTE.MGA10 000.20240630,Frais bancaires,10000.0,,505393.45,MCB Internet Banking Document (18).csv
01/07/2024,01/07/2024,DB vente carte etrangere  684000 FT24183TBR4G\BNK  APPLE.COM/BILL,Paiement carte,13745.16,,491648.29,MCB Internet Banking Document (19).csv
03/07/2024,03/07/2024,Retrait sur GAB confrere  429430 FT2418503DTY\BNK  SGMADA Mahazo,Retrait,200000.0,,291648.29,MCB Internet Banking Document (19).csv
03/07/2024,03/07/2024,Retrait sur GAB confrere  430130 FT24185JW0W7\BNK  SGMADA Mahazo,Retrait,50000.0,,241648.29,MCB Internet Banking Document (19).csv
03/07/2024,03/07/2024,Retrait sur GAB confrere  541310 FT24185876BB\BNK  SGMADA Mahazo 2,Retrait,100000.0,,141648.29,MCB Internet Banking Document (19).csv
08/07/2024,08/07/2024,Virement recus Banque Confrere  RIAKE FT24190W13C8\BNK   Acompte Inscirkle,Riake,,600000.0,741648.29,MCB Internet Banking Document (19).csv
10/07/2024,09/07/2024,Frais de virement FT2419241ZL7\BNK,Frais bancaires,5000.0,,736648.29,MCB Internet Banking Document (19).csv
10/07/2024,09/07/2024,TVA FT2419241ZL7\BNK,Frais bancaires,1000.0,,735648.29,MCB Internet Banking Document (19).csv
10/07/2024,09/07/2024,Prelevement automatic -DR DD INTERMEDIATARY FT2419241ZL7\BNK   TELMA S.A F2407774576,Autre revenu,,249000.0,486648.29,MCB Internet Banking Document (19).csv
12/07/2024,12/07/2024,Transfer Bank to Wallet  MVOLA WALLET FT24194WFCZP\BNK   Mvola Bank to,Mvola (sortie),50000.0,,436648.29,MCB Internet Banking Document (19).csv
12/07/2024,12/07/2024,Transfer Bank to Wallet  MVOLA WALLET FT24194CFH4T\BNK   Mvola Bank to Wallet,Mvola (sortie),100000.0,,336648.29,MCB Internet Banking Document (19).csv
16/07/2024,16/07/2024,Retrait sur GAB confrere  307490 FT24198VTBM9\BNK  SGMADA Agence MAHAZO,Retrait,300000.0,,36648.29,MCB Internet Banking Document (19).csv
19/07/2024,19/07/2024,Transfer Wallet to Bank Mvola Wallet to FT24201WGXW1\BNK,Mvola (sortie),70000.0,,106648.29,MCB Internet Banking Document (19).csv
22/07/2024,22/07/2024,DB vente carte etrangere  241720 FT24204NC576\BNK  CONTABO.COM,Paiement carte,64932.25,,41716.04,MCB Internet Banking Document (19).csv
31/07/2024,01/08/2024,TVA 1079646.FRAIS.TENUE.COMPTE.MGA10 000.20240731,Frais bancaires,2000.0,,39716.04,MCB Internet Banking Document (19).csv
31/07/2024,01/08/2024,Frais Tenue de compte 1079646.FRAIS.TENUE.COMPTE.MGA10 000.20240731,Frais bancaires,10000.0,,29716.04,MCB Internet Banking Document (19).csv
01/08/2024,31/07/2024,Transfert compte a compte MCB MADAGASCAR FT24213C1RKV\B99   EXT SGM MAHAZO 210624,Autre revenu,,400000.0,429716.04,MCB Internet Banking Document (20).csv
02/08/2024,02/08/2024,Retrait sur GAB confrere  542380 FT24215T0KZP\BNK  BNI LA CITY ALAROBIA,Retrait,20000.0,,409716.04,MCB Internet Banking Document (20).csv
09/08/2024,08/08/2024,Frais de virement FT242226HDGJ\BNK,Frais bancaires,5000.0,,404716.04,MCB Internet Banking Document (20).csv
09/08/2024,08/08/2024,TVA FT242226HDGJ\BNK,Frais bancaires,1000.0,,403716.04,MCB Internet Banking Document (20).csv
09/08/2024,08/08/2024,Prelevement automatic -DR DD INTERMEDIATARY FT242226HDGJ\BNK   TELMA S.A F2408864098,Autre revenu,,249000.0,154716.04,MCB Internet Banking Document (20).csv
09/08/2024,09/08/2024,Virement recus Banque Confrere  RIAKE FT24222NM13Y\BNK   Suite Paiement Mrway,Riake,,600000.0,754716.04,MCB Internet Banking Document (20).csv
12/08/2024,12/08/2024,DB vente carte confrere  467450 FT24225G3BF5\BNK  S2M,Paiement carte,69850.0,,684866.04,MCB Internet Banking Document (20).csv
12/08/2024,12/08/2024,DB vente carte confrere  468920 FT242254WMZ8\BNK  S2M,Paiement carte,14830.0,,670036.04,MCB Internet Banking Document (20).csv
12/08/2024,12/08/2024,DB vente carte confrere  470030 FT24225B9XNB\BNK  S2M,Paiement carte,6900.0,,663136.04,MCB Internet Banking Document (20).csv
12/08/2024,12/08/2024,DB vente carte etrangere  345440 FT2422574WR9\BNK  NAME-CHEAP.COM VZ4RNI,Paiement carte,160667.05,,502468.99,MCB Internet Banking Document (20).csv
19/08/2024,19/08/2024,Retrait sur GAB confrere  627810 FT24232Y8RN4\BNK  BNI BNIANALAMAHITSY,Retrait,50000.0,,452468.99,MCB Internet Banking Document (20).csv
19/08/2024,19/08/2024,DB vente carte confrere  466180 FT24232ZB912\BNK  SOCIETE LIANTSOA,Paiement carte,66910.0,,385558.99,MCB Internet Banking Document (20).csv
19/08/2024,19/08/2024,Retrait sur GAB confrere  467310 FT242327GN9F\BNK  SGMADA Mahazo 2,Retrait,50000.0,,335558.99,MCB Internet Banking Document (20).csv
19/08/2024,19/08/2024,DB vente carte etrangere  248780 FT24232RVLMG\BNK  CONTABO-COM,Paiement carte,65901.23,,269657.76,MCB Internet Banking Document (20).csv
26/08/2024,26/08/2024,Retrait sur GAB confrere  590310 FT24239BL5Q3\BNK  SGMADA Agence MAHAZO-An,Retrait,50000.0,,219657.76,MCB Internet Banking Document (20).csv
26/08/2024,26/08/2024,Retrait sur GAB confrere  711410 FT24239CHXKS\BNK  SGMADA Agence MAHAZO,Retrait,20000.0,,199657.76,MCB Internet Banking Document (20).csv
27/08/2024,27/08/2024,Retrait sur GAB confrere  639020 FT2424030VZL\BNK  SGMADA Agence MAHAZO-An,Retrait,50000.0,,149657.76,MCB Internet Banking Document (20).csv
30/08/2024,30/08/2024,Retrait sur GAB confrere  737950 FT24243425J4\BNK  SGMADA Mahazo 2,Retrait,30000.0,,119657.76,MCB Internet Banking Document (20).csv
30/08/2024,01/09/2024,TVA 1079646.FRAIS.TENUE.COMPTE.MGA10 000.20240831,Frais bancaires,2000.0,,117657.76,MCB Internet Banking Document (20).csv
30/08/2024,01/09/2024,Frais Tenue de compte 1079646.FRAIS.TENUE.COMPTE.MGA10 000.20240831,Frais bancaires,10000.0,,107657.76,MCB Internet Banking Document (20).csv
02/09/2024,02/09/2024,Transfer Bank to Wallet  MVOLA WALLET FT24246943C3\BNK   Mvola Bank to Wallet,Mvola (sortie),20000.0,,87657.76,MCB Internet Banking Document (21).csv
04/09/2024,04/09/2024,Retrait sur GAB confrere  638520 FT242489G1WG\BNK  SGMADA Mahazo,Retrait,10000.0,,77657.76,MCB Internet Banking Document (21).csv
09/09/2024,09/09/2024,Retrait sur GAB confrere  714130 FT24253KKQ47\BNK  SGMADA Mahazo,Retrait,50000.0,,27657.76,MCB Internet Banking Document (21).csv
09/09/2024,09/09/2024,Retrait sur GAB confrere  REV FT24253V8VHR\BNK   714580 SGMADA Mahazo,Retrait,50000.0,,77657.76,MCB Internet Banking Document (21).csv
10/09/2024,10/09/2024,Transfer Wallet to Bank Mvola Wallet to FT242549L721\BNK,Mvola (sortie),300000.0,,377657.76,MCB Internet Banking Document (21).csv
11/09/2024,09/09/2024,Frais de virement FT24254K846J\BNK,Frais bancaires,5000.0,,372657.76,MCB Internet Banking Document (21).csv
11/09/2024,09/09/2024,TVA FT24254K846J\BNK,Frais bancaires,1000.0,,371657.76,MCB Internet Banking Document (21).csv
11/09/2024,09/09/2024,Prelevement automatic -DR DD INTERMEDIATARY FT24254K846J\BNK   TELMA S.A F2409991252,Autre revenu,,249000.0,122657.76,MCB Internet Banking Document (21).csv
16/09/2024,16/09/2024,Retrait sur GAB confrere  631480 FT242604QT6Z\BNK  SGMADA Mahazo,Retrait,30000.0,,92657.76,MCB Internet Banking Document (21).csv
17/09/2024,17/09/2024,Transfer Bank to Wallet  MVOLA WALLET FT24261RN5T9\BNK   Mvola Bank to Wallet,Mvola (sortie),2000.0,,90657.76,MCB Internet Banking Document (21).csv
17/09/2024,17/09/2024,Retrait sur GAB confrere  668990 FT24261B7S0J\BNK  SGMADA Mahazo,Retrait,20000.0,,70657.76,MCB Internet Banking Document (21).csv
19/09/2024,19/09/2024,DB vente carte etrangere  247260 FT242639BFYR\BNK  WWW CONTABO COM,Paiement carte,65232.96,,5424.8,MCB Internet Banking Document (21).csv
20/09/2024,20/09/2024,Virement recus Banque Confrere  RIAKE FT24264HJX88\BNK   Inscirkle,Riake,,600000.0,605424.8,MCB Internet Banking Document (21).csv
20/09/2024,20/09/2024,Retrait sur GAB confrere  706920 FT2426474P1J\BNK  SGMADA Agence MAHAZO-An,Retrait,50000.0,,555424.8,MCB Internet Banking Document (21).csv
20/09/2024,20/09/2024,Frais de virement FT24264W7KLR\BNK,Frais bancaires,1275.0,,554149.8,MCB Internet Banking Document (21).csv
20/09/2024,20/09/2024,TVA FT24264W7KLR\BNK,Frais bancaires,255.0,,553894.8,MCB Internet Banking Document (21).csv
20/09/2024,20/09/2024,Transfer Bank to Wallet  MVOLA WALLET FT24264W7KLR\BNK   Mvola Bank to Wallet,Mvola (sortie),255000.0,,298894.8,MCB Internet Banking Document (21).csv
30/09/2024,01/10/2024,TVA 1079646.FRAIS.TENUE.COMPTE.MGA10 000.20240930,Frais bancaires,2000.0,,296894.8,MCB Internet Banking Document (21).csv
30/09/2024,01/10/2024,Frais Tenue de compte 1079646.FRAIS.TENUE.COMPTE.MGA10 000.20240930,Frais bancaires,10000.0,,286894.8,MCB Internet Banking Document (21).csv
04/10/2024,04/10/2024,DB vente carte etrangere  073310 FT24278GJR2P\BNK  STACKBLITZ,Paiement carte,42171.63,,244723.17,MCB Internet Banking Document (22).csv
07/10/2024,07/10/2024,Transfer Bank to Wallet  MVOLA WALLET FT242816BLH5\BNK   Mvola Bank to Wallet,Mvola (sortie),100000.0,,144723.17,MCB Internet Banking Document (22).csv
14/10/2024,14/10/2024,Transfer Wallet to Bank Mvola Wallet to FT242889HXF0\BNK,Mvola (sortie),130000.0,,274723.17,MCB Internet Banking Document (22).csv
17/10/2024,17/10/2024,TVA CHG2429143915\BNK,Frais bancaires,1000.0,,273723.17,MCB Internet Banking Document (22).csv
17/10/2024,17/10/2024,Commission CHG2429143915\BNK,Autre revenu,,5000.0,268723.17,MCB Internet Banking Document (22).csv
18/10/2024,18/10/2024,Transfer Wallet to Bank Mvola Wallet to FT24292X49BX\BNK,Mvola (sortie),200000.0,,468723.17,MCB Internet Banking Document (22).csv
18/10/2024,18/10/2024,Retrait sur GAB confrere  504770 FT24292X6GY3\BNK  BNI CMT AMBOHIMANGAKELY,Retrait,150000.0,,318723.17,MCB Internet Banking Document (22).csv
18/10/2024,18/10/2024,Virement recus Banque Confrere  MEDDOC HEALTHCARE FT24292XHDTC\BNK   DEVELOPPEMENT PLATEFORME 1ERE TRANC,Autre revenu,,10000000.0,10318723.17,MCB Internet Banking Document (22).csv
21/10/2024,21/10/2024,DB vente carte etrangere  248400 FT24295QM7M2\BNK  WWW CONTABO- COM,Paiement carte,66089.84,,10252633.33,MCB Internet Banking Document (22).csv
21/10/2024,21/10/2024,Frais de virement FT24295B8Z6L\BNK,Frais bancaires,1350.0,,10251283.33,MCB Internet Banking Document (22).csv
21/10/2024,21/10/2024,TVA FT24295B8Z6L\BNK,Frais bancaires,270.0,,10251013.33,MCB Internet Banking Document (22).csv
21/10/2024,21/10/2024,Transfer Bank to Wallet  MVOLA WALLET FT24295B8Z6L\BNK   Mvola Bank to Wallet,Mvola (sortie),270000.0,,9981013.33,MCB Internet Banking Document (22).csv
21/10/2024,21/10/2024,Transfer Wallet to Bank Mvola Wallet to FT24295VQV68\BNK,Mvola (sortie),30000.0,,10011013.33,MCB Internet Banking Document (22).csv
21/10/2024,21/10/2024,Retrait en especes  LUI MEME TT24295P3CMW\BNK,Retrait,10000000.0,,11013.33,MCB Internet Banking Document (22).csv
31/10/2024,01/11/2024,TVA 1079646.FRAIS.TENUE.COMPTE.MGA10 000.20241031,Frais bancaires,2000.0,,9013.33,MCB Internet Banking Document (22).csv
05/11/2024,05/11/2024,Transfer Wallet to Bank Mvola Wallet to FT2431000BBC\BNK,Mvola (sortie),50000.0,,49013.33,MCB Internet Banking Document (23).csv
05/11/2024,05/11/2024,DB vente carte etrangere  713730 FT24310N41B5\BNK  WWW/CONTABO/ COM,Paiement carte,23421.35,,25591.98,MCB Internet Banking Document (23).csv
06/11/2024,06/11/2024,Virement recus Banque Confrere  HERE2BE FT24311MWQG2\BNK   Adsecura - Bondy,Autre revenu,,500000.0,525591.98,MCB Internet Banking Document (23).csv
11/11/2024,08/11/2024,Frais de virement FT24316QS4SD\BNK,Frais bancaires,5000.0,,520591.98,MCB Internet Banking Document (23).csv
11/11/2024,08/11/2024,TVA FT24316QS4SD\BNK,Frais bancaires,1000.0,,519591.98,MCB Internet Banking Document (23).csv
11/11/2024,08/11/2024,Prelevement automatic -DR DD INTERMEDIATARY FT24316QS4SD\BNK   TELMA S.A F2411221598,Autre revenu,,299000.0,220591.98,MCB Internet Banking Document (23).csv
11/11/2024,11/11/2024,Retrait sur GAB confrere  753370 FT24316PNL0Q\BNK  SGMADA Agence MAHAZO,Retrait,20000.0,,200591.98,MCB Internet Banking Document (23).csv
11/11/2024,11/11/2024,Transfer Bank to Wallet  MVOLA WALLET FT2431600390\BNK   Mvola Bank to Wallet,Mvola (sortie),50000.0,,150591.98,MCB Internet Banking Document (23).csv
11/11/2024,11/11/2024,DB vente carte confrere  454660 FT24316X9XMF\BNK  SOCIETE LIANTSOA,Paiement carte,14500.0,,136091.98,MCB Internet Banking Document (23).csv
11/11/2024,11/11/2024,Retrait sur GAB confrere  455720 FT24316P7QW4\BNK  SGMADA Agence MAHAZO,Retrait,30000.0,,106091.98,MCB Internet Banking Document (23).csv
11/11/2024,11/11/2024,Transfer Bank to Wallet  MVOLA WALLET FT2431682T9G\BNK   Mvola Bank to Wallet,Mvola (sortie),11000.0,,95091.98,MCB Internet Banking Document (23).csv
15/11/2024,15/11/2024,Retrait sur GAB confrere  441010 FT243203SCTT\BNK  SGMADA Agence MAHAZO-An,Retrait,50000.0,,45091.98,MCB Internet Banking Document (23).csv
18/11/2024,18/11/2024,Transfer Wallet to Bank Mvola Wallet to FT243239TQS9\BNK,Mvola (sortie),400000.0,,445091.98,MCB Internet Banking Document (23).csv
18/11/2024,18/11/2024,DB vente carte etrangere  854570 FT24323CDGHK\BNK  WWW CONTABO- COM,Paiement carte,21501.93,,423590.05,MCB Internet Banking Document (23).csv
21/11/2024,21/11/2024,DB vente carte etrangere  280630 FT24326JMC8M\BNK  WWW CONTABO/ COM,Paiement carte,67057.73,,356532.32,MCB Internet Banking Document (23).csv
22/11/2024,22/11/2024,DB vente carte etrangere  427200 FT2432787CDV\BNK  FACEBK FBSU6F8CR2,Paiement carte,23986.4,,332545.92,MCB Internet Banking Document (23).csv
25/11/2024,25/11/2024,DB vente carte etrangere  606450 FT243309JVRR\BNK  FACEBK 3HBTTF4CR2,Paiement carte,24028.59,,308517.33,MCB Internet Banking Document (23).csv
25/11/2024,25/11/2024,Transfer Wallet to Bank Mvola Wallet to FT243303HQT5\BNK,Mvola (sortie),50000.0,,358517.33,MCB Internet Banking Document (23).csv
25/11/2024,25/11/2024,DB vente carte etrangere  536650 FT24330W2QNV\BNK  FACEBK BEXP5GLBR2,Paiement carte,14128.81,,344388.52,MCB Internet Banking Document (23).csv
28/11/2024,28/11/2024,DB vente carte etrangere  606570 FT24333M1ZJW\BNK  FACEBK C6UBVFGBR2,Paiement carte,13282.93,,331105.59,MCB Internet Banking Document (23).csv
28/11/2024,28/11/2024,DB vente carte etrangere  REV FT243336HZSL\BNK   607070 FACEBK 3HBTTF4CR2,Paiement carte,24028.59,,355134.18,MCB Internet Banking Document (23).csv
29/11/2024,29/11/2024,Transfer Bank to Wallet  MVOLA WALLET FT24334FD2VZ\BNK   Mvola Bank to Wallet,Mvola (sortie),5000.0,,350134.18,MCB Internet Banking Document (23).csv
29/11/2024,29/11/2024,Extourne-Transfer Bank to Wallet M. FANOMEZANIRINA FENOHERY FT24334FD2VZ\BNK   Mvola Bank to Wallet,Mvola (sortie),5000.0,,355134.18,MCB Internet Banking Document (23).csv
29/11/2024,29/11/2024,Transfer Bank to Wallet  MVOLA WALLET FT24334SY1KC\BNK   Mvola Bank to Wallet,Mvola (sortie),5000.0,,350134.18,MCB Internet Banking Document (23).csv
29/11/2024,29/11/2024,Extourne-Transfer Bank to Wallet M. FANOMEZANIRINA FENOHERY FT24334SY1KC\BNK   Mvola Bank to Wallet,Mvola (sortie),5000.0,,355134.18,MCB Internet Banking Document (23).csv
29/11/2024,29/11/2024,Transfer Bank to Wallet  MVOLA WALLET FT2433464V90\BNK   Mvola Bank to Wallet,Mvola (sortie),5000.0,,350134.18,MCB Internet Banking Document (23).csv
29/11/2024,29/11/2024,Extourne-Transfer Bank to Wallet M. FANOMEZANIRINA FENOHERY FT2433464V90\BNK   Mvola Bank to Wallet,Mvola (sortie),5000.0,,355134.18,MCB Internet Banking Document (23).csv
29/11/2024,29/11/2024,Transfer Bank to Wallet  MVOLA WALLET FT24334KZ85S\BNK   Mvola Bank to Wallet,Mvola (sortie),5000.0,,350134.18,MCB Internet Banking Document (23).csv
29/11/2024,29/11/2024,Extourne-Transfer Bank to Wallet M. FANOMEZANIRINA FENOHERY FT24334KZ85S\BNK   Mvola Bank to Wallet,Mvola (sortie),5000.0,,355134.18,MCB Internet Banking Document (23).csv
29/11/2024,29/11/2024,Frais de virement FT243348G0M8\BNK,Frais bancaires,775.0,,354359.18,MCB Internet Banking Document (23).csv
29/11/2024,29/11/2024,TVA FT243348G0M8\BNK,Frais bancaires,155.0,,354204.18,MCB Internet Banking Document (23).csv
29/11/2024,29/11/2024,Transfer Bank to Wallet  MVOLA WALLET FT243348G0M8\BNK   Mvola Bank to Wallet,Mvola (sortie),155000.0,,199204.18,MCB Internet Banking Document (23).csv
29/11/2024,01/12/2024,TVA 1079646.FRAIS.TENUE.COMPTE.MGA10 000.20241130,Frais bancaires,2000.0,,197204.18,MCB Internet Banking Document (23).csv
29/11/2024,01/12/2024,Frais Tenue de compte 1079646.FRAIS.TENUE.COMPTE.MGA10 000.20241130,Frais bancaires,10000.0,,187204.18,MCB Internet Banking Document (23).csv
02/12/2024,02/12/2024,Transfer Bank to Wallet  MVOLA WALLET FT24337LN5Y3\BNK   Mvola Bank to Wallet,Mvola (sortie),50000.0,,137204.18,00001079646~C~BNK_00001079646.csv
02/12/2024,02/12/2024,DB vente carte etrangere  278990 FT24337V1X2C\BNK  CONTABO/COM,Paiement carte,60174.79,,77029.39,00001079646~C~BNK_00001079646.csv
02/12/2024,02/12/2024,Retrait sur GAB confrere  291640 FT2433750GWD\BNK  SGMADA Mahazo,Retrait,50000.0,,27029.39,00001079646~C~BNK_00001079646.csv
02/12/2024,02/12/2024,Transfer Bank to Wallet  MVOLA WALLET FT24337LN5Y3\BNK   Mvola Bank to Wallet,Mvola (sortie),50000.0,,137204.18,MCB Internet Banking Document (24).csv
02/12/2024,02/12/2024,DB vente carte etrangere  278990 FT24337V1X2C\BNK  CONTABO/COM,Paiement carte,60174.79,,77029.39,MCB Internet Banking Document (24).csv
02/12/2024,02/12/2024,Retrait sur GAB confrere  291640 FT2433750GWD\BNK  SGMADA Mahazo,Retrait,50000.0,,27029.39,MCB Internet Banking Document (24).csv
06/12/2024,06/12/2024,Virement recus Banque Confrere  RIAKE FT24341Q3152\BNK   Reste Paiement Mrway,Riake,,300000.0,327029.39,00001079646~C~BNK_00001079646.csv
06/12/2024,06/12/2024,Virement recus Banque Confrere  RIAKE FT24341Q3152\BNK   Reste Paiement Mrway,Riake,,300000.0,327029.39,MCB Internet Banking Document (24).csv
09/12/2024,09/12/2024,Transfer Bank to Wallet  MVOLA WALLET FT24344G4W3V\BNK   Mvola Bank to,Mvola (sortie),5000.0,,322029.39,00001079646~C~BNK_00001079646.csv
09/12/2024,09/12/2024,Retrait sur GAB confrere  438400 FT243449XYN9\BNK  SGMADA Agence MAHAZO-An,Retrait,50000.0,,272029.39,00001079646~C~BNK_00001079646.csv
09/12/2024,09/12/2024,Transfer Bank to Wallet  MVOLA WALLET FT24344G4W3V\BNK   Mvola Bank to,Mvola (sortie),5000.0,,322029.39,MCB Internet Banking Document (24).csv
09/12/2024,09/12/2024,Retrait sur GAB confrere  438400 FT243449XYN9\BNK  SGMADA Agence MAHAZO-An,Retrait,50000.0,,272029.39,MCB Internet Banking Document (24).csv
10/12/2024,09/12/2024,Frais de virement FT24345T4WPL\BNK,Frais bancaires,5000.0,,267029.39,00001079646~C~BNK_00001079646.csv
10/12/2024,09/12/2024,TVA FT24345T4WPL\BNK,Frais bancaires,1000.0,,266029.39,00001079646~C~BNK_00001079646.csv
10/12/2024,09/12/2024,Prelevement automatic -DR DD INTERMEDIATARY FT24345T4WPL\BNK   TELMA S.A F2412340559,Autre revenu,,249000.0,17029.39,00001079646~C~BNK_00001079646.csv
10/12/2024,10/12/2024,Retrait sur GAB confrere  723980 FT24345G7V6Q\BNK  BNI BNI AMPASAMPITO,Retrait,10000.0,,7029.39,00001079646~C~BNK_00001079646.csv
10/12/2024,09/12/2024,Frais de virement FT24345T4WPL\BNK,Frais bancaires,5000.0,,267029.39,MCB Internet Banking Document (24).csv
10/12/2024,09/12/2024,TVA FT24345T4WPL\BNK,Frais bancaires,1000.0,,266029.39,MCB Internet Banking Document (24).csv
10/12/2024,09/12/2024,Prelevement automatic -DR DD INTERMEDIATARY FT24345T4WPL\BNK   TELMA S.A F2412340559,Autre revenu,,249000.0,17029.39,MCB Internet Banking Document (24).csv
10/12/2024,10/12/2024,Retrait sur GAB confrere  723980 FT24345G7V6Q\BNK  BNI BNI AMPASAMPITO,Retrait,10000.0,,7029.39,MCB Internet Banking Document (24).csv
26/12/2024,26/12/2024,Transfer Wallet to Bank Mvola Wallet to FT24361QZC1Q\BNK,Mvola (sortie),70000.0,,77029.39,00001079646~C~BNK_00001079646.csv
26/12/2024,26/12/2024,DB vente carte etrangere  270080 FT24361R7Y7J\BNK  CONTABO COM,Paiement carte,67602.62,,9426.77,00001079646~C~BNK_00001079646.csv
26/12/2024,26/12/2024,Transfer Wallet to Bank Mvola Wallet to FT24361QZC1Q\BNK,Mvola (sortie),70000.0,,77029.39,MCB Internet Banking Document (24).csv
26/12/2024,26/12/2024,DB vente carte etrangere  270080 FT24361R7Y7J\BNK  CONTABO COM,Paiement carte,67602.62,,9426.77,MCB Internet Banking Document (24).csv
30/12/2024,30/12/2024,Transfer Wallet to Bank Mvola Wallet to FT24365ZB9GB\BNK,Mvola (sortie),350000.0,,359426.77,00001079646~C~BNK_00001079646.csv
30/12/2024,30/12/2024,Retrait sur GAB confrere  709440 FT24365SQ4MB\BNK  BMOI GAB 20 TANTOMBATO,Retrait,350000.0,,9426.77,00001079646~C~BNK_00001079646.csv
30/12/2024,30/12/2024,Virement recus Banque Confrere  RIAKE FT24365S44NT\BNK   Paiement Meristheme,Riake,,500000.0,509426.77,00001079646~C~BNK_00001079646.csv
30/12/2024,30/12/2024,Transfer Wallet to Bank Mvola Wallet to FT24365ZB9GB\BNK,Mvola (sortie),350000.0,,359426.77,MCB Internet Banking Document (24).csv
30/12/2024,30/12/2024,Retrait sur GAB confrere  709440 FT24365SQ4MB\BNK  BMOI GAB 20 TANTOMBATO,Retrait,350000.0,,9426.77,MCB Internet Banking Document (24).csv
30/12/2024,30/12/2024,Virement recus Banque Confrere  RIAKE FT24365S44NT\BNK   Paiement Meristheme,Riake,,500000.0,509426.77,MCB Internet Banking Document (24).csv
31/12/2024,31/12/2024,Retrait sur GAB confrere  351640 FT2436659K4H\BNK  SGMADA Agence MAHAZO,Retrait,100000.0,,409426.77,00001079646~C~BNK_00001079646.csv
31/12/2024,01/01/2025,TVA 1079646.FRAIS.TENUE.COMPTE.MGA10 000.20241231,Frais bancaires,2000.0,,407426.77,00001079646~C~BNK_00001079646.csv
31/12/2024,01/01/2025,Frais Tenue de compte 1079646.FRAIS.TENUE.COMPTE.MGA10 000.20241231,Frais bancaires,10000.0,,397426.77,00001079646~C~BNK_00001079646.csv
31/12/2024,31/12/2024,Retrait sur GAB confrere  351640 FT2436659K4H\BNK  SGMADA Agence MAHAZO,Retrait,100000.0,,409426.77,MCB Internet Banking Document (24).csv
31/12/2024,01/01/2025,TVA 1079646.FRAIS.TENUE.COMPTE.MGA10 000.20241231,Frais bancaires,2000.0,,407426.77,MCB Internet Banking Document (24).csv
31/12/2024,01/01/2025,Frais Tenue de compte 1079646.FRAIS.TENUE.COMPTE.MGA10 000.20241231,Frais bancaires,10000.0,,397426.77,MCB Internet Banking Document (24).csv
03/11/2025,03/11/2025,Retrait sur GAB confrere  313580 FT25307ZJJHX\BNK  SGMADA Agence MAHAZO,Retrait,100000.0,,36294.0,MCB Internet Banking Document (11).csv
03/11/2025,03/11/2025,Transfer Wallet to Bank Mvola Wallet to FT253072BRD0\BNK,Mvola (sortie),800000.0,,836294.0,MCB Internet Banking Document (11).csv
03/11/2025,03/11/2025,Retrait sur GAB confrere  363390 FT253078Q4P5\BNK  BNI BNI AMPASAMPITO,Retrait,800000.0,,36294.0,MCB Internet Banking Document (11).csv
03/11/2025,03/11/2025,Transfer Wallet to Bank Mvola Wallet to FT25307RD3HJ\BNK,Mvola (sortie),1000000.0,,1036294.0,MCB Internet Banking Document (11).csv
03/11/2025,03/11/2025,Retrait sur GAB confrere  595480 FT25307NS1J0\BNK  BNI CMT AMBOHIMANGAKELY,Retrait,800000.0,,236294.0,MCB Internet Banking Document (11).csv
03/11/2025,03/11/2025,Retrait sur GAB confrere  596120 FT25307HP9TR\BNK  BNI CMT AMBOHIMANGAKELY,Retrait,200000.0,,36294.0,MCB Internet Banking Document (11).csv
06/11/2025,06/11/2025,Transfer Wallet to Bank Mvola Wallet to FT253108VQG0\BNK,Mvola (sortie),180000.0,,216294.0,MCB Internet Banking Document (11).csv
07/11/2025,07/11/2025,Virement recus Banque Confrere  RIAKE FT25311VPWYD\BNK   Acompte Nostra,Riake,,500000.0,716294.0,MCB Internet Banking Document (11).csv
10/11/2025,04/11/2025,Frais de virement FT253090N2NF\BNK,Frais bancaires,5000.0,,711294.0,MCB Internet Banking Document (11).csv
10/11/2025,04/11/2025,TVA FT253090N2NF\BNK,Frais bancaires,1000.0,,710294.0,MCB Internet Banking Document (11).csv
10/11/2025,04/11/2025,Prelevement automatic -DR DD INTERMEDIATARY FT253090N2NF\BNK   TELMA S.A F2511925902,Autre revenu,,249000.0,461294.0,MCB Internet Banking Document (11).csv
10/11/2025,10/11/2025,Virement recus Banque Confrere  RIAKE FT25314YBYX7\BNK   Reste Pmt Maintenance Fenohery Meri,Riake,,200000.0,661294.0,MCB Internet Banking Document (11).csv
11/11/2025,10/11/2025,JUICE Virement autre banque locale FANOMEZANIRINA FENOHERY FT25315PF2M4\BNK   Support compte pro,Autre revenu,,60000.0,601294.0,MCB Internet Banking Document (11).csv
13/11/2025,13/11/2025,DB vente carte etrangere  589070 FT25317RW2KJ\BNK  PAYPAL  TRAE,Paiement carte,14128.0,,587166.0,MCB Internet Banking Document (11).csv
17/11/2025,17/11/2025,Frais de virement FT25321SDLD5\BNK,Frais bancaires,1000.0,,586166.0,MCB Internet Banking Document (11).csv
17/11/2025,17/11/2025,TVA FT25321SDLD5\BNK,Frais bancaires,200.0,,585966.0,MCB Internet Banking Document (11).csv
17/11/2025,17/11/2025,Transfer Bank to Wallet  MVOLA WALLET FT25321SDLD5\BNK   Mvola Bank to Wallet,Mvola (sortie),200000.0,,385966.0,MCB Internet Banking Document (11).csv
18/11/2025,18/11/2025,Frais de virement FT253227W4T2\BNK,Frais bancaires,1000.0,,384966.0,MCB Internet Banking Document (11).csv
18/11/2025,18/11/2025,TVA FT253227W4T2\BNK,Frais bancaires,200.0,,384766.0,MCB Internet Banking Document (11).csv
18/11/2025,18/11/2025,Transfer Bank to Wallet  MVOLA WALLET FT253227W4T2\BNK   Mvola Bank to Wallet,Mvola (sortie),200000.0,,184766.0,MCB Internet Banking Document (11).csv
19/11/2025,19/11/2025,DB vente carte etrangere  695710 FT25323WB6LF\BNK  PADDLE.NET SETAPP,Paiement carte,45949.49,,138816.51,MCB Internet Banking Document (11).csv
21/11/2025,21/11/2025,DB vente carte etrangere  292750 FT25325SX6BV\BNK  WWW CONTABO COM,Paiement carte,91196.02,,47620.49,MCB Internet Banking Document (11).csv
28/11/2025,01/12/2025,TVA 1079646.FRAIS.TENUE.COMPTE.MGA10 000.20251130,Frais bancaires,2000.0,,45620.49,MCB Internet Banking Document (11).csv
28/11/2025,01/12/2025,Frais Tenue de compte 1079646.FRAIS.TENUE.COMPTE.MGA10 000.20251130,Frais bancaires,10000.0,,35620.49,MCB Internet Banking Document (11).csv
01/12/2025,01/12/2025,Virement recus Banque Confrere  RIAKE FT25335ZZ0V0\BNK   Jalon1 Et 2 Fenohery Meristheme,Riake,,990000.0,1025620.49,MCB Internet Banking Document (12).csv
01/12/2025,01/12/2025,DB vente carte etrangere  769280 FT253358P8PR\BNK  Google CLOUD HDG4RP,Paiement carte,92.16,,1025528.33,MCB Internet Banking Document (12).csv
03/12/2025,03/12/2025,Virement recus Banque Confrere  RIAKE FT253377WMP0\BNK   Acompte EGS,Riake,,1000000.0,2025528.33,MCB Internet Banking Document (12).csv
05/12/2025,04/12/2025,Frais de virement FT253393911N\BNK,Frais bancaires,5000.0,,2020528.33,MCB Internet Banking Document (12).csv
05/12/2025,04/12/2025,TVA FT253393911N\BNK,Frais bancaires,1000.0,,2019528.33,MCB Internet Banking Document (12).csv
05/12/2025,04/12/2025,Prelevement automatic -DR DD INTERMEDIATARY FT253393911N\BNK   TELMA S.A F2512098451,Autre revenu,,249000.0,1770528.33,MCB Internet Banking Document (12).csv
05/12/2025,05/12/2025,DB vente carte etrangere  811060 FT25339JB24V\BNK  POLAR LEXINGTON-THEME,Paiement carte,457910.73,,1312617.6,MCB Internet Banking Document (12).csv
08/12/2025,08/12/2025,Frais de virement FT2534247PM4\BNK,Frais bancaires,1500.0,,1311117.6,MCB Internet Banking Document (12).csv
08/12/2025,08/12/2025,TVA FT2534247PM4\BNK,Frais bancaires,300.0,,1310817.6,MCB Internet Banking Document (12).csv
08/12/2025,08/12/2025,Transfer Bank to Wallet  MVOLA WALLET FT2534247PM4\BNK   Mvola Bank to Wallet,Mvola (sortie),300000.0,,1010817.6,MCB Internet Banking Document (12).csv
08/12/2025,08/12/2025,DB vente carte etrangere  832490 FT25342NRCV2\BNK  POSTHOG PREAUTH,Paiement carte,2302.36,,1008515.24,MCB Internet Banking Document (12).csv
08/12/2025,08/12/2025,DB vente carte etrangere  REV FT25342Y5VQZ\BNK   833300 POSTHOG PREAUTH,Paiement carte,2302.36,,1010817.6,MCB Internet Banking Document (12).csv
11/12/2025,11/12/2025,DB vente carte etrangere  563200 FT25345DLLFS\BNK  NAME-CHEAP.COM M8AEYV,Paiement carte,14678.75,,996138.85,MCB Internet Banking Document (12).csv
15/12/2025,15/12/2025,Virement recus Banque Confrere  RIAKE FT25349ZYJ4Y\BNK   Maintenance Meristheme x2,Riake,,1500000.0,2496138.85,MCB Internet Banking Document (12).csv
17/12/2025,17/12/2025,Virement recus Banque Confrere  INNOVEO FT25351Q3XSV\BNK   OV INNOVEO 100 2025,Autre revenu,,750000.0,3246138.85,MCB Internet Banking Document (12).csv
19/12/2025,19/12/2025,DB vente carte etrangere  695620 FT253535N4N6\BNK  PADDLE.NET SETAPP,Paiement carte,46627.87,,3199510.98,MCB Internet Banking Document (12).csv
22/12/2025,22/12/2025,DB vente carte etrangere  287280 FT25356DC7LV\BNK  WWW CONTABO COM,Paiement carte,92757.81,,3106753.17,MCB Internet Banking Document (12).csv
22/12/2025,22/12/2025,Frais de virement FT253568CC5R\BNK,Frais bancaires,1250.0,,3105503.17,MCB Internet Banking Document (12).csv
22/12/2025,22/12/2025,TVA FT253568CC5R\BNK,Frais bancaires,250.0,,3105253.17,MCB Internet Banking Document (12).csv
22/12/2025,22/12/2025,Transfer Bank to Wallet  MVOLA WALLET FT253568CC5R\BNK   Mvola Bank to Wallet,Mvola (sortie),250000.0,,2855253.17,MCB Internet Banking Document (12).csv
23/12/2025,23/12/2025,Transfer Bank to Wallet  MVOLA WALLET FT25357JNK81\BNK   Mvola Bank to Wallet,Mvola (sortie),50000.0,,2805253.17,MCB Internet Banking Document (12).csv
26/12/2025,26/12/2025,DB vente carte etrangere  057590 FT253606LCSR\BNK  SPOTIFY AB,Paiement carte,15440.95,,2789812.22,MCB Internet Banking Document (12).csv
29/12/2025,29/12/2025,Frais de virement FT25363TBH89\BNK,Frais bancaires,2500.0,,2787312.22,MCB Internet Banking Document (12).csv
29/12/2025,29/12/2025,TVA FT25363TBH89\BNK,Frais bancaires,500.0,,2786812.22,MCB Internet Banking Document (12).csv
29/12/2025,29/12/2025,Transfer Bank to Wallet  MVOLA WALLET FT25363TBH89\BNK   Mvola Bank to Wallet,Mvola (sortie),500000.0,,2286812.22,MCB Internet Banking Document (12).csv
29/12/2025,29/12/2025,Transfer Bank to Wallet  MVOLA WALLET FT25363R533W\BNK   Mvola Bank to Wallet,Mvola (sortie),50000.0,,2236812.22,MCB Internet Banking Document (12).csv
29/12/2025,29/12/2025,Frais de virement FT2536365VR6\BNK,Frais bancaires,1000.0,,2235812.22,MCB Internet Banking Document (12).csv
29/12/2025,29/12/2025,TVA FT2536365VR6\BNK,Frais bancaires,200.0,,2235612.22,MCB Internet Banking Document (12).csv
29/12/2025,29/12/2025,Transfer Bank to Wallet  MVOLA WALLET FT2536365VR6\BNK   Mvola Bank to Wallet,Mvola (sortie),200000.0,,2035612.22,MCB Internet Banking Document (12).csv
30/12/2025,30/12/2025,Transfer Bank to Wallet  MVOLA WALLET FT25364YXSST\BNK   Mvola Bank to Wallet,Mvola (sortie),100000.0,,1935612.22,MCB Internet Banking Document (12).csv
31/12/2025,31/12/2025,Frais de virement FT25365PSPDZ\BNK,Frais bancaires,1000.0,,1934612.22,MCB Internet Banking Document (12).csv
31/12/2025,31/12/2025,TVA FT25365PSPDZ\BNK,Frais bancaires,200.0,,1934412.22,MCB Internet Banking Document (12).csv
31/12/2025,31/12/2025,Transfer Bank to Wallet  MVOLA WALLET FT25365PSPDZ\BNK   Mvola Bank to Wallet,Mvola (sortie),200000.0,,1734412.22,MCB Internet Banking Document (12).csv
31/12/2025,01/01/2026,TVA 1079646.FRAIS.TENUE.COMPTE.MGA10 000.20251231,Frais bancaires,2000.0,,1732412.22,MCB Internet Banking Document (12).csv
31/12/2025,01/01/2026,Frais Tenue de compte 1079646.FRAIS.TENUE.COMPTE.MGA10 000.20251231,Frais bancaires,10000.0,,1722412.22,MCB Internet Banking Document (12).csv
